Mark;Russell;katie32@yahoo.com
Casey;Parker;jkemp@patterson-clark.com
Antonio;Henry;nicholsonamy@dickson.com
Catherine;Woods;nicoleryan@gmail.com
Emily;Edwards;gregorymccormick@gmail.com
Tiffany;Larsen;powellholly@baker-molina.com
Michael;Love;sarahcox@roberts-hines.info
Charlene;Ward;qpeterson@yahoo.com
Amanda;Hurst;ellenhoover@gmail.com
Brandi;Carter;kathrynbaker@elliott-noble.com
Rebekah;Gould;morganraymond@gmail.com
Michael;Smith;moorelogan@fernandez-phillips.com
Philip;Mendez;timothy47@norris.org
Keith;Frank;henrymatthew@yahoo.com
Rachel;Nelson;calebclark@gmail.com
Tracy;Bennett;joshua08@potter.com
Katherine;Miller;ncooper@lam.com
Tracy;Stanley;joelcontreras@gmail.com
Maxwell;Lara;ajones@smith.info
Michael;Figueroa;ryan60@gmail.com
Molly;Mcclain;timothy38@ramirez.org
Bradley;Johnson;thomasmassey@cochran-merritt.com
Riley;Greene;combschristopher@yahoo.com
Jaclyn;Walton;bruce55@downs.org
Nicholas;Chan;vwillis@gmail.com
Stephen;Wilson;lmontgomery@hopkins-colon.com
Donald;Lane;hernandezwilliam@yahoo.com
Sara;Dean;youngrobert@blevins.com
Marc;Lewis;deborah80@baker.com
Lindsay;Harrison;josephhaas@hotmail.com
Anthony;Hernandez;ogray@lam.info
Patricia;Farley;andrea52@gmail.com
Jason;Hawkins;johnsonsharon@rivera.net
Bridget;Garcia;james78@gmail.com
Richard;Rogers;jamie56@yahoo.com
Vanessa;Martin;pittmanlatasha@gmail.com
Samuel;Smith;samanthachavez@gmail.com
Lance;Jackson;bob84@yahoo.com
Nicole;Bates;glassadam@gmail.com
Kimberly;Rogers;brasmussen@hotmail.com
Gregory;Medina;traceycastro@arnold.com
Charles;Turner;holtkenneth@yahoo.com
Audrey;Fitzpatrick;hunterphillips@roberts.biz
Michelle;Herman;michelleglover@yahoo.com
Regina;Allen;ofowler@smith.info
Gerald;Drake;cameron58@jackson-henderson.org
Mary;Sanchez;christopher23@yahoo.com
Zachary;Alvarado;james80@robbins.org
Miranda;Anderson;jessicaholmes@beck.com
Raymond;Cross;ijohnson@anderson.info
