1;1500 Quad Cab
2;NV2500 HD Cargo
3;Mercedes-AMG S-Class
4;Optima Plug-in Hybrid
5;Toronado
4;Rio
6;RC
7;A6
8;Endeavor
9;F350 Super Duty Super Cab
9;E250 Super Duty Cargo
7;S4
10;Civic
11;940
12;Yaris
13;Savana 1500 Cargo
14;SRX
15;Prizm
16;fortwo electric drive
17;Sonata
10;S2000
18;500L
7;S3
19;6 Series
20;Ram Wagon 3500
21;Aventador
9;Taurus
22;Express 3500 Cargo
22;Suburban 2500
22;Tahoe
23;Rodeo
2;Titan Crew Cab
10;Crosstour
24;LR2
10;Accord
9;F150 Super Cab
25;Century
26;Jetta GLI
19;7 Series
22;Express 1500 Passenger
7;SQ5
3;Mercedes-AMG GLE
2;NV3500 HD Passenger
26;Eurovan
10;CR-Z
6;GX
9;F450 Super Duty Crew Cab
27;Grand Vitara
20;Dakota Regular Cab
9;Fusion
11;V60
28;Sprinter 2500 Cargo
13;Sonoma Crew Cab
3;Metris Cargo
29;VUE
22;Express 2500 Cargo
13;Sierra (Classic) 2500 HD Crew Cab
19;M3
30;TL
31;Impreza
17;Azera
12;Tundra CrewMax
3;S-Class
32;Phantom
33;Town Car
34;MAZDA3
11;S80
13;Canyon Extended Cab
12;Tundra Regular Cab
22;Sonic
6;NX
9;Aspire
17;Venue
35;tC
9;Edge
22;Classic
20;Caravan Passenger
31;Forester
17;Genesis
3;C-Class
13;Sierra (Classic) 2500 Crew Cab
6;GS
36;Grand Am
12;Prius v
30;NSX
22;Blazer
2;Quest
