Mark;Adams;Admin;bqj7vhic11dx;3
Cynthia;Perez;eddie11;8sdyypw53aky;3
Kyle;Nash;stevenslinda;9ezm1929eurb;2
Ashley;Fields;tinalester;99da6zd8c7pg;3
Ryan;Fitzgerald;stewartjason;ei30qnzar3tk;3
Julia;Davis;wdonovan;547hvflzntnj;1
Karen;Rivers;williamsrussell;9skzrtploie7;2
Wesley;Lindsey;shaffervincent;6kf5ewmpk8qy;3
Heather;Rhodes;richardguerrero;zlx1lpzr5i5u;1
Mark;Baldwin;bbryant;tu3bt5om397t;3
Rebecca;Cummings;jeffery02;f66brms8gjoh;3
Tammy;Pope;allen30;2pc68e1nmood;1
Michael;Gonzalez;johngarza;uk9y70nbjv8s;3
Rhonda;Lucas;mary46;5xe18j7hts88;1
Eric;Spears;daniel26;435tgkte4ytm;3
Robert;Hunter;ericcaldwell;m17ojdiwj2vs;1
Andrea;Ford;stephanierosario;39s8yda4qxp2;3
Miguel;Martinez;hansontraci;tl026vd6l9gp;2
John;Kent;fsmith;d41keu1lz4lt;1
Joseph;Wallace;shaun55;7ybhuik9ee2l;2
Shirley;Ward;caldwellashley;8odwysm08w42;1
Christian;Walker;christina46;8k99hvuhx877;2
James;Ward;courtney40;0rdvqaeasbkn;2
Jessica;Odonnell;caseyroberta;7ucx97g752cv;2
Mary;Davis;geoffrey33;7aiv6nxroa15;3
Deborah;Figueroa;gscott;g6wv35mxv2g6;1
Yesenia;Compton;sotocrystal;976wjzt22ljt;2
William;Fields;sanderschristina;b71ej9yi496m;3
Daniel;Alexander;gblake;5by32zsijkfs;3
Robert;Potter;kim42;vu5r2fgalp10;3
Morgan;Eaton;kevinpatterson;0utbt11ni50a;3
Vincent;Hahn;xstephens;fw53ldcj37s7;3
Jennifer;Ramirez;cmoss;z71r98w6608g;1
Stephanie;Park;ramirezjason;3u1uwxeou6cx;1
Amanda;Jenkins;pottshaley;0pfmi0p68k2c;3
Deborah;Pace;peterjones;j7e468drw4s2;2
Alyssa;Santiago;omay;f2acbp0rn8bo;3
Dana;Dunn;masonmark;k1nqnlw8scbg;2
Jacob;Kramer;bakerdavid;1cg6igkbp42u;3
Gavin;Ruiz;jared58;wb3dvr8ecat4;3
John;Davis;sarah27;29rwqwvlobjd;2
Lee;Lopez;mathewpeterson;gqs6pzojj9ws;3
Phillip;Fisher;kristincoleman;nf4hpwayocb3;2
Briana;Smith;blackburnjennifer;o723znwffowt;3
Alexandra;Miller;traceybrown;gh3m2w3s2dgs;1
Paul;Robles;zbell;63bemo0b40og;3
Nicholas;Dean;otran;5ibggb1cogcr;2
Christopher;Alvarado;melissatate;8wwduqyvt92d;1
Taylor;Stafford;ccallahan;lt6g30zhm4nb;3
Rebecca;Johnson;pameladiaz;8t19pl5u38sh;3
Ashley;Thomas;michele17;pi0l090hb90p;2
Cody;Daniels;brodriguez;r89nmhs2gdyq;3
Andrea;Yoder;bonnieingram;c46yj4k412yg;2
Cynthia;Gonzales;brownwilliam;e9tjqt5mpf60;2
Becky;Jones;iwashington;k2fq5fy54ynf;3
Mrs.;Joanne;tracy11;2j9bba0t56rm;3
Felicia;Cochran;weavermorgan;w2etpmp1p5r1;1
Megan;Moore;alexanderstephens;x6zelx4fpiww;3
Robin;Smith;clarkjason;10cf2b7441jk;3
Jeff;Santiago;scott45;qoqoevtreho0;3
Leslie;Murphy;bbutler;5o8bao2d8elz;1
Megan;Lopez;reillychelsea;7al5hhbl6vn3;1
John;Williams;haroldsanchez;1vv6de9tr03u;3
John;Duarte;uwhite;l2mnq10g74qd;1
Caitlin;Martin;gleblanc;kf6bd7zm5rsc;2
Blake;Wilkinson;stonelisa;a72sn0cq8uqd;3
Darrell;Harrison;moranchristina;hp03kw3e1clr;2
Jonathan;Adams;kellytorres;rfzl2oor6pwv;2
Nicole;Brown;dbranch;0646d2udx7wc;1
Diana;Cooper;erinwilliams;h0hmwq6yx1cc;3
Tina;Rivera;merrittwilliam;c4mf8fp59szj;3
David;Martin;bspencer;k2htpqjko773;3
Kristen;Collins;coltonroy;88gfmc7j64mn;2
April;Cochran;brittanyvelasquez;6j1isusw013m;1
Jerry;Mitchell;henryriggs;42aivlp5vqa0;2
Maurice;Brown;colemancharles;f8rgn0kr6ukg;1
Anthony;Osborne;mark66;9ktc7nux4h3j;3
Vincent;Gonzalez;katherinerodriguez;8qxfhon1qakl;2
Michael;Herrera;jennifer26;7gftm9778qu4;2
Timothy;Tucker;phillipsalexis;h0ge4s27yze0;3
Nathan;Cruz;hensleyalan;4fizqnoe2pby;1
Michele;Martinez;george76;yrtypcvgdks7;2
Carolyn;Hawkins;vvance;o411wx2ukkmy;1
Michael;Harrington;rhondaescobar;i7745aiiz2ph;2
Sarah;Pearson;alexandermark;31mvowg3yzr5;2
Ashley;Miller;stevensweeney;yx2rtj5iti7e;2
Corey;Cox;lperez;sg6uw5s83jv8;3
Shannon;Edwards;adavidson;270ce0k2mf87;1
Derrick;Salazar;iberry;ry0os51o5aqt;1
Jonathan;Richards;xparrish;sq3uihbqqn94;1
Robin;Cox;martinezcalvin;8c32x8meno2s;1
Amy;Key;lydia74;eh6o61bu8q7c;3
Stephanie;Kane;katherine57;5bf08x3la1qb;3
Dennis;Moore;jonesveronica;32vm4fzf2b0n;2
Laura;Johnson;wulouis;2mrd6lgv1edz;1
Christopher;Taylor;gary33;m5ybug63db6c;3
Mark;Miles;michaelstephenson;f2yqa73t965l;2
Austin;Evans;zstewart;7gqw6sm64d7k;3
Jenna;Moore;sarahdudley;l93di5twen74;2
John;Mills;edwardsanchez;9dly3ort8qtz;1
