Toyota;ER;left
Lincoln;OM;left
Dodge;BI;left
BMW;DE;left
Jaguar;ER;left
Plymouth;WS;left
INFINITI;CH;right
Mercedes-Benz;PG;left
Volkswagen;RO;right
MAZDA;IL;left
Jeep;BZ;left
Ram;BY;left
Acura;MZ;right
Chevrolet;BB;left
Nissan;NR;left
Freightliner;AL;left
Kia;NE;right
Pontiac;RO;right
Mitsubishi;AM;left
GMC;GT;left
Lexus;LR;left
Chrysler;HR;left
Audi;MY;right
Cadillac;JP;right
Ferrari;GN;left
Ford;MV;right
Bentley;VC;right
Saturn;MC;right
Aston Martin;PS;left
Honda;IL;right
Volvo;EG;right
Hyundai;TZ;left
Land Rover;CH;left
Buick;DE;left
Alfa Romeo;GT;left
Suzuki;NZ;right
Porsche;ZW;right
Subaru;GY;left
MINI;LI;right
Daewoo;FJ;right
Mercury;IT;left
Scion;MZ;right
smart;CY;left
Oldsmobile;LU;right
FIAT;DZ;right
Rolls-Royce;PK;left
Isuzu;NE;right
Maserati;MR;left
HUMMER;ET;left
Geo;NO;left
Maybach;KH;right
Saab;DZ;right
McLaren;SK;right
Fisker;TH;right
