Dr.;Sarah;denise14@gmail.com
Nicole;Olson;sheltonjennifer@reed-alvarado.net
Cynthia;Sanchez;tonyaweiss@gmail.com
Kayla;Moss;kurtholt@hicks.com
Miguel;Walters;ahogan@parker.org
Audrey;Villa;jonathan14@yahoo.com
Kerry;Mcbride;anthonychavez@martin.com
Ashley;Chavez;middletonmichael@waters.com
Mr.;Jose;lburton@beard.org
Brandon;Jackson;kevinbraun@gmail.com
Angela;Wise;thomasjamie@neal.net
Michelle;Hall;kellyjackie@yahoo.com
Steven;Ruiz;mannjeffrey@gmail.com
Emma;Quinn;tylermcintyre@parker-torres.com
Emily;Alvarado;whill@ortega.org
Sarah;Blanchard;ghernandez@clark-erickson.biz
Blake;Thomas;hodgedavid@collins.info
Megan;Owens;kjuarez@hotmail.com
Mary;Gonzalez;smithmichael@maldonado.org
William;Hayes;yesenia39@gmail.com
Kevin;Marquez;linda04@cummings-cox.com
Bruce;Petty;tcastro@pham-davila.com
Kelly;Davis;sandrafisher@hotmail.com
Heather;Sosa;tmyers@yahoo.com
Paul;Roberts;caitlin36@baldwin-cole.org
Eduardo;Cunningham;mhamilton@bender-barton.com
Zachary;Dominguez;wilsonangel@hotmail.com
Anita;Gentry;dcampbell@gmail.com
Tina;Guerrero;cynthia71@ortega-cordova.org
Lisa;Nunez;cheryl33@hotmail.com
Sarah;Thomas;wilsonalexander@gmail.com
Jamie;Gibbs;mayerkrista@gmail.com
Cynthia;Williams;sgomez@yahoo.com
Donald;Cook;erinstevens@crosby.com
Alan;Burnett;edwardsjocelyn@yahoo.com
Samantha;Carpenter;alex24@hotmail.com
Tabitha;Fields;swoods@hotmail.com
Lawrence;Miller;alexmoore@colon.com
Cole;Brewer;omedina@yahoo.com
Patricia;Strong;fmorgan@carpenter.net
Jason;Mcmillan;sarah92@nichols.com
Lee;Castaneda;wesley72@davis.com
Thomas;White;oyoung@gmail.com
Terry;Carson;jessica88@hotmail.com
Donald;Bush;bartlettmiguel@gmail.com
Jeremy;Mcguire;meganfisher@miller.com
Melissa;Mcdaniel;wardkarla@davis-hebert.net
Carrie;King;emilywilliamson@richardson.biz
Jessica;Meyers;jamespeterson@sharp.info
Andrea;Rice;rhondahoward@perez.com
Matthew;Kemp;rbrown@martinez.biz
Sarah;Brooks;michelleholland@santana.com
Jason;Harmon;riggsjacob@gmail.com
Angel;Barker;christinecampbell@hotmail.com
Patricia;Davies;josestone@gmail.com
Sarah;Campbell;vmason@cooke.com
Jeffery;Cole;ygilbert@hotmail.com
Anthony;Cooper;bairdkristin@gmail.com
Kevin;Bruce;patrickpatel@leonard.com
Kyle;Murray;erik81@lindsey.com
Cesar;Garcia;eclements@brown.net
Amanda;Casey;jennifer75@gmail.com
Christopher;Pierce;dellison@braun.info
Nathan;Duarte;sweeneybrian@thomas.com
James;Wilson;greerraymond@gmail.com
Misty;Lee;jason77@wells.info
Elizabeth;Henderson;jonesmichael@kim.com
Sara;Williams;uharrison@tyler.com
Shannon;Drake;austin83@lee.com
Brittany;Anderson;moralesroberta@williams-peters.com
Gregory;Velazquez;anitakelley@nguyen.com
Phillip;Turner;andrew28@yahoo.com
Cody;Williams;hillashley@yahoo.com
Denise;Gray;kelli84@miller-olson.com
Tommy;Smith;handerson@hotmail.com
Evan;Cook;richardjones@yahoo.com
Nicholas;Salazar;matthewhawkins@yahoo.com
Jared;Gonzalez;ritterelizabeth@gmail.com
Lindsey;Mcintyre;kendraclark@thompson.com
Cassandra;Singleton;rachael24@alexander.com
Jeffrey;Leonard;jamesjohnson@hotmail.com
Gina;Murphy;hmiller@graham.com
Joseph;Watkins;stanleymatthew@davis.com
Theresa;Gordon;gonzalezlinda@hawkins.net
Duane;Dunlap;kburton@yahoo.com
Hailey;Morgan;kmay@campbell-henderson.com
David;Gray;crawfordholly@hughes.com
Kenneth;Morrow;sheppardamber@shelton-anderson.net
Crystal;Morgan;josephtucker@king.com
Carl;Callahan;brandon31@thomas-graves.org
Ashley;Adams;gfreeman@hotmail.com
Marie;Fuller;cohenvicki@barker.com
Austin;Harris;morenolorraine@leon.com
William;Wilson;teresa21@hotmail.com
Mary;Myers;allenrobert@silva.com
Pamela;Evans;jennifer06@norman.info
Rebecca;Larson;ywilson@wilson.com
Gina;Richard;dannymurphy@yahoo.com
Stephanie;Snyder;randolphamber@yahoo.com
Katie;Lutz;gonzalezlisa@beasley-austin.info
Cory;Scott;obrown@zimmerman-diaz.org
Paula;King;whitesheri@gordon-smith.com
Susan;Durham;katherinefrey@leon.biz
Brad;Diaz;veronicacline@cook.com
Samantha;Graves;davidwatts@cross.org
Craig;White;williamskristen@livingston-white.com
David;Lewis;xmoore@hotmail.com
Bryan;Pierce;rruiz@gmail.com
Travis;Gallegos;jeremiah45@yahoo.com
Theresa;Moses;thomaswood@hotmail.com
Douglas;Willis;gmarsh@yahoo.com
Mr.;James;michaelblack@hotmail.com
Kaylee;Wilson;fhall@gmail.com
Benjamin;Johnson;nancyduffy@hart-dyer.com
Teresa;Graham;handerson@yahoo.com
Frank;Martin;elove@parks-leonard.net
Michael;Dunlap;scrawford@jordan.com
Michelle;Taylor;gonzalezsusan@gmail.com
Jodi;Murray;coreysmith@tran.biz
Stephen;Perry;james16@daniels.com
Kathryn;Rodgers;ashleyburgess@gmail.com
Claire;Barnes;vjackson@marshall.com
Mary;Dudley;tgarcia@hotmail.com
Martin;Reyes;andrewslynn@gmail.com
Barbara;Holt;darlene06@yahoo.com
Sarah;Chavez;martinezkathleen@gmail.com
Gary;Juarez;jpatel@hicks-baker.com
Amy;Jackson;meghanbauer@gmail.com
Sean;Ballard;scottmoyer@gomez.info
Sophia;Henderson;coxrose@gmail.com
Stephanie;Murray;phillip15@page-griffin.com
Robin;Coleman;alexanderedwards@richardson.org
Janice;Hays;gonzalezdale@stark.net
Dawn;Ballard;katherinecarpenter@young-martinez.com
Michelle;Schwartz;perryian@glover-scott.biz
Justin;Meyer;ryan36@hotmail.com
Angela;Lozano;wallwilliam@hotmail.com
Alexandra;Martin;michaelpatton@martinez-williams.org
Barbara;Perez;donalddavis@gmail.com
Matthew;Ware;brittanyavila@bowers.org
Amy;Sullivan;rrowe@bonilla.info
Joshua;Christian;tyler97@yahoo.com
Kayla;Silva;sotomakayla@bass.info
Debra;Nelson;kristopher23@west.org
James;Fields;lucaswilliams@hotmail.com
Amanda;Collins;carrielittle@walker.org
Heidi;Adkins;kelleyashley@gmail.com
Michael;Lee;mclaughlinmelissa@carter.biz
Brandon;Black;jeffreyyates@camacho-richmond.org
Alicia;Sanchez;rachelwilliamson@hotmail.com
Mary;Nguyen;ubrown@berger-brooks.org
Anthony;Braun;tiffanyscott@williams-lucero.org
Steven;Bishop;adam00@hotmail.com
Valerie;Alvarez;fhutchinson@schaefer.com
Stephanie;Taylor;marissa98@gmail.com
Paula;Hall;amberjohnson@taylor.com
Victoria;Ayala;ywalls@gmail.com
Cheyenne;Mcdonald;danielking@hotmail.com
Tamara;Graham;becknicholas@morales.com
Amber;Lee;uburke@gmail.com
Penny;Black;davidhicks@morse.net
Amber;Reed;villegasjessica@harper.com
Mitchell;Mendoza;travis78@hotmail.com
Jeremy;Lewis;johnsmorgan@yahoo.com
Stephen;Baker;edavis@roy.com
Aaron;Johnson;uwoods@yahoo.com
Richard;Raymond;karen25@yahoo.com
Laura;Gray;jennifercampbell@hotmail.com
Daniel;Gonzales;margaret04@gmail.com
Michael;Evans;william32@rodriguez-robertson.com
Bradley;Martinez;jspencer@schroeder.com
Cynthia;Davis;biancaalvarez@davis.org
Michelle;Ortiz;scott26@taylor.com
Christopher;Miller;andreahaas@gmail.com
Robert;Day;uhanson@yahoo.com
Amber;Molina;matthewandersen@hotmail.com
Brenda;Burns;holtholly@santos-clark.com
Jamie;Booker;kimberlyclarke@brooks-brock.com
Samuel;Gardner;kcruz@adams-kim.com
Brian;Gonzales;nancybarnes@gmail.com
Kevin;Bennett;markthompson@hotmail.com
Krista;White;courtneyclark@duke.com
Julie;Williams;campbellanthony@yahoo.com
Sean;Anderson;jonesgregory@yahoo.com
Brian;Stark;lopezsara@hotmail.com
Victoria;Bryan;luisbaker@johnston.com
Andrea;Harris;gavin31@allen-sims.biz
Keith;Douglas;pvasquez@smith.net
Jessica;Kane;ljohnson@alvarez.com
Melissa;Michael;mary10@parks-castro.com
Jason;Mccormick;teresa07@mann-flores.com
Dr.;Jeremy;roberttaylor@gmail.com
Christopher;Bullock;hstewart@yahoo.com
Christopher;Allen;colemandonna@gmail.com
Christine;Lozano;oruiz@hotmail.com
Mr.;Elijah;nicholasrasmussen@gmail.com
Christopher;Valencia;gregorywarren@burch-wilson.info
Maurice;Parsons;christopher16@wallace.com
Charles;Horne;schroedercody@hotmail.com
Jeanette;Wright;nharrison@ho-bradley.com
Shelby;Crawford;tannerwilkerson@yahoo.com
Charles;Khan;loganmelissa@hotmail.com
Peter;Johnson;woodmatthew@hotmail.com
Willie;Davis;yfrye@yahoo.com
Maurice;Morgan;vernon62@nguyen.com
Timothy;Griffith;watsonkevin@yahoo.com
Mr.;Jeremy;krista49@webb.com
Douglas;Bender;longallison@miller.net
Allison;Riley;mariewhite@cunningham-kennedy.com
Stephen;Williams;xedwards@smith-parks.com
Victor;Deleon;carolbrady@small.com
Nathaniel;Simmons;loririggs@gmail.com
James;Rogers;mrodriguez@smith.org
Mary;Christensen;andrew61@gmail.com
Robert;Moreno;heathersnyder@hall-reid.com
Robert;Meyer;leachdarryl@harris.org
Samantha;Rodriguez;keiththompson@yahoo.com
Kimberly;Molina;mark59@gmail.com
Hannah;Perez;lhughes@gmail.com
Debbie;Little;doylewilliam@hotmail.com
Thomas;Powell;zwaters@woods.com
Tracy;Daniels;alvaradobarbara@yahoo.com
Benjamin;Reyes;wardkara@valdez-johnson.com
Taylor;Scott;campbelllisa@hotmail.com
Elizabeth;Carter;george02@yahoo.com
Chase;Cook;james30@banks-green.com
Kristen;Stafford;austin19@hotmail.com
Ronald;Williams;davispaul@yahoo.com
Janice;Fuller;robertssergio@stewart.com
Pamela;Robertson;pjones@rodriguez-downs.com
Dale;Romero;susan03@lewis-figueroa.org
Elizabeth;Reeves;spatterson@morgan-craig.com
Logan;Lara;inelson@nichols-porter.com
Vicki;Hester;nathan57@yahoo.com
Abigail;Gutierrez;pittmansteven@carter-lee.com
Sandra;Simon;jesus28@gmail.com
Christopher;West;astuart@gmail.com
Leslie;James;lisaherrera@hotmail.com
Brittany;Gardner;baldwinmelissa@yahoo.com
Angela;Lopez;mkhan@cox.com
George;Smith;louisruiz@gmail.com
Richard;Paul;sarahritter@hotmail.com
Phillip;King;pattersonshelby@gmail.com
Joe;Thompson;hessdouglas@gmail.com
Charles;Roth;hernandezlori@hotmail.com
Christopher;Gordon;patelkent@garrison.com
Tony;Wyatt;linda93@gmail.com
Sarah;Lawson;miguel35@lopez-marshall.com
James;Kennedy;nguyenbrenda@tucker.com
Michael;Rogers;robinsondanielle@bautista.net
Christopher;Hughes;znorris@gmail.com
Erika;Jones;owensfrank@yahoo.com
Pamela;Bell;elizabeth25@yahoo.com
Paul;Kent;williamwright@hotmail.com
Joshua;Evans;lisanorris@thomas.com
Christina;Parker;guzmansummer@garner.biz
Jeffrey;Swanson;wayne74@gilbert.com
Rodney;Nolan;maxwelldebra@ortiz.com
Heather;Rivera;taylorariel@russell.com
Dr.;Andrew;derrick93@ramirez.com
Brenda;Pollard;jasonharris@cobb.com
Kathryn;Fitzgerald;bethany90@hotmail.com
Mark;Norton;kenneth04@hotmail.com
James;Thomas;stephensmelissa@mora.com
Jennifer;Dean;josephglover@gmail.com
Cynthia;Luna;doughertyerica@vargas.info
Lisa;Lee;joananderson@yahoo.com
Jessica;Ruiz;patrick55@phelps.net
Jennifer;Hernandez;pughelizabeth@perez.com
Dr.;Laura;jesuscox@johnson.org
Dennis;Miller;balllindsay@smith-barron.com
Lisa;Valencia;markschwartz@yahoo.com
Margaret;Knox;washingtonsteven@yahoo.com
Tina;Dean;john71@gmail.com
Melissa;Burke;gbaldwin@davenport-ortiz.info
Lawrence;Harrison;amcguire@yahoo.com
Dustin;Hicks;wagnerpamela@hotmail.com
Maxwell;Acevedo;fletcherderek@davis.net
Jodi;Moyer;damonolsen@rios.biz
Rodney;Phillips;lcollier@gmail.com
Jason;Goodman;vjohnson@gmail.com
Jason;Murphy;fjackson@benton-hoover.com
Joe;Brock;smiththeresa@zuniga.org
Michael;Lopez;michael70@anderson.net
Anthony;Walker;michael86@donovan.com
Misty;Lopez;thomassmith@gmail.com
Krista;Ford;hornpeter@sawyer-dawson.com
Ashley;Gilbert;kimberly34@gmail.com
Thomas;Shepard;sharonmoreno@hotmail.com
Jesse;Harris;jenniferwilson@mayo.com
Linda;Young;kmartinez@gmail.com
Samuel;Padilla;beththomas@hotmail.com
Richard;Yoder;thompsonlaura@gmail.com
Jennifer;Drake;aklein@waters.net
Crystal;Perry;isaacwillis@king-kline.com
William;Rogers;jilliansullivan@kelly-donaldson.com
Teresa;Murphy;michaelbrad@gmail.com
Clinton;Carpenter;wanda75@melton.com
Amber;Brown;tmartinez@yahoo.com
Philip;Mora;sanchezanthony@yahoo.com
Sarah;Williams;harrislisa@hotmail.com
John;Hayes;joshuanelson@yahoo.com
John;Jacobson;cassandrabailey@yahoo.com
Larry;Phelps;jeffreystewart@valentine-rice.net
Eric;Brown;hensleysamuel@hotmail.com
Stacy;Johnson;jonathanwheeler@adams-taylor.org
Gregory;Potts;ronald37@gmail.com
Brian;Richards;jasonthomas@yahoo.com
Katrina;Mendoza;sarah86@valdez.net
Jamie;Kent;david37@morgan-osborne.com
Albert;Riddle;danieldavis@gentry-cameron.com
Patricia;Bennett;andrea22@wilson.com
Christopher;Hobbs;rthompson@mason.com
Jeffrey;Mclaughlin;qcoleman@johnson.com
Robert;Carlson;samuelrodgers@bond-brady.com
David;Cantu;marycamacho@james.com
Gabriel;Parker;philliphamilton@adkins.biz
Vicki;Love;john78@pearson-melton.com
Melissa;Jacobs;angela00@willis-hernandez.net
Pamela;Phillips;jenniferhenry@yahoo.com
Sarah;Hernandez;lcameron@hotmail.com
Kevin;Blankenship;amy97@gmail.com
Marie;Davis;gallison@yahoo.com
Allison;Doyle;davidnash@hotmail.com
Thomas;Dodson;eric02@brady.com
Andrew;Glass;jamiejohnson@nichols-pearson.com
Sandra;Young;hhenderson@thompson.com
Alvin;Dunn;hjenkins@gmail.com
Scott;Perry;johnsonjacob@duncan-martin.com
Jeremy;Harris;perrymichael@mcguire-powell.com
Michael;Guzman;carlgonzalez@gmail.com
Aaron;Adams;james94@lawson-rogers.biz
Briana;Taylor;shepherddana@watson.biz
Katherine;Shepherd;felicia14@yahoo.com
Jeffrey;Townsend;martinstephanie@jones.com
Kathy;Johnson;vschwartz@hotmail.com
Timothy;Burns;todd68@yahoo.com
Dennis;Garcia;amberfowler@gonzalez.info
Betty;Swanson;yguerrero@thomas.info
Jeffrey;Reed;nichole65@gmail.com
Stephanie;Smith;ldaniel@barber.com
Shaun;Mills;walterleonard@lucas.com
Mrs.;Barbara;megansanchez@mendoza-simmons.biz
Adam;Fisher;sethtaylor@robinson.com
Samantha;Jones;matthewbrooks@sandoval.biz
Timothy;Bass;guerraalejandra@yahoo.com
Adrian;Tucker;meganlindsey@hotmail.com
Jorge;Chan;melvincoffey@smith.com
Danielle;Jackson;droberts@yahoo.com
Donna;Robertson;robert48@gmail.com
Jeffrey;Lee;tmendez@yahoo.com
Kaitlin;Chen;brandonbrown@spencer-escobar.com
Logan;Edwards;barnesemily@yahoo.com
Jill;Chapman;robert75@hotmail.com
Sarah;Hester;villegasjames@yahoo.com
Melanie;Rojas;jessicamartin@hotmail.com
Emily;Gonzales;cporter@yahoo.com
Sandra;Frank;david83@hotmail.com
Lucas;Perry;christyrobinson@gomez.com
Dr.;Breanna;gperry@gmail.com
Catherine;Clark;bthompson@yahoo.com
Jessica;Wu;curtisbennett@hurst.biz
Victoria;Garcia;potterstephanie@gmail.com
Erik;Smith;dparker@yahoo.com
Dr.;Amber;chadcalderon@rogers.com
Amanda;Bush;amanda19@hotmail.com
Curtis;Nielsen;kristy53@yahoo.com
Julie;Guerrero;mary59@monroe-fitzgerald.com
Karen;Tanner;allisoncarter@diaz.com
Christine;Garrison;brownmary@fuller.org
Victor;Allen;jeromeholmes@silva-wilson.info
David;Davis;amywashington@bradley.com
Patrick;Williams;wagnerchristina@trevino.com
Jennifer;Grant;fischeranne@campos-smith.com
John;Robbins;brooksdeborah@yahoo.com
Juan;Carter;mark48@yahoo.com
Jasmine;Carr;hamiltonkristi@hotmail.com
Jessica;Williamson;joshuasims@solis.info
Jessica;Bowen;sanchezmanuel@hotmail.com
Julie;Hopkins;mitchellwilliam@freeman-sutton.com
Meagan;Jackson;csaunders@hotmail.com
Caleb;Oconnell;davidgray@yahoo.com
Brandon;Wagner;rdavis@yahoo.com
Jonathan;Freeman;chad96@yahoo.com
Dana;Smith;michelle23@reilly-powell.info
Gregory;Downs;hannah61@gmail.com
Justin;Mccoy;wmason@carroll-king.com
Amy;Robinson;kellyescobar@yahoo.com
Michaela;Williams;matthew78@hotmail.com
Katherine;Smith;kanedanielle@campbell-lewis.info
Jonathan;Green;rjackson@pacheco.info
Sophia;Dickerson;dgriffin@riley.com
Sierra;Jensen;matkins@yahoo.com
Linda;Ewing;melodyortiz@yahoo.com
Jeremy;Cuevas;dsnow@kennedy.biz
Michael;Gardner;webbricky@white-parker.com
Lisa;Randolph;walter96@yahoo.com
Andrew;Sullivan;david23@marsh.biz
Patricia;West;meganrose@hotmail.com
Michelle;Hernandez;lindsey38@hotmail.com
Jacob;Conrad;lori37@johnson.com
Michelle;Sparks;matthew00@gmail.com
Madeline;Lee;alexanderyoung@todd-martin.info
Sean;Green;johnsondustin@hotmail.com
Regina;Flores;virginiagolden@yahoo.com
Tabitha;Welch;meganhenderson@crawford-watson.info
Lisa;Salazar;leebrandon@foster.com
Michelle;Jackson;jallison@peters-moore.com
Chelsea;Evans;evanspatrick@yahoo.com
Michael;Hale;ubaxter@garcia.com
Sandra;George;kimberly60@sanders-le.com
Austin;Johnson;pmoore@hotmail.com
Lonnie;Lutz;robert09@white-palmer.com
Marvin;Bowman;williamwatkins@gmail.com
Melanie;Davis;njones@yahoo.com
Kimberly;Brown;jacqueline92@gmail.com
Eric;Blake;dustinjohnson@hotmail.com
Mrs.;Mary;sarahfranklin@hotmail.com
Paul;Morris;hbarrett@murphy.com
Sydney;Ferguson;barnessarah@burch.biz
David;Jones;lfigueroa@smith-newman.com
Austin;Henderson;walkertara@yahoo.com
Thomas;Morgan;collinsdavid@bryant.com
Christian;Camacho;sarastone@hotmail.com
Justin;Jones;turnerbrandon@butler.com
Nicholas;Parker;kbaker@pierce.com
Wendy;Harrell;christopherthompson@brown.info
Kristen;Davis;hernandezmarcus@taylor.com
Peter;Sanford;goodmanlauren@perez.com
Tracie;Martinez;lauren41@keith-ibarra.com
Alexis;Glass;smithangie@allen-garcia.com
Lisa;Hall;anita59@williams-allen.com
Charles;Marquez;gonzalezerica@bernard.com
Kurt;Andrews;bautistameghan@richards.com
Jeffrey;Wood;gallagherkatherine@hotmail.com
Anna;Robles;kathleensimmons@howard-vega.com
Amanda;Jimenez;williamsjennifer@vasquez-brewer.biz
Alexandria;Copeland;turnerbobby@yahoo.com
Michael;Bullock;jenniferdillon@yahoo.com
Abigail;Lee;jimmygardner@hotmail.com
Lee;Harris;vroberts@watts-foley.com
Austin;Greene;santiagokelsey@gmail.com
Danny;Dunlap;whitevictoria@johnson.com
Michael;Jacobs;halldiana@durham.com
James;Wall;landerson@shaffer.com
Margaret;Rivera;brooksmelissa@harris.com
Jessica;Rodriguez;campbellsarah@yahoo.com
Rebecca;Ruiz;mccartybrandy@hotmail.com
Mrs.;Alexis;hesternatasha@hotmail.com
Brian;Meyer;wrobinson@gmail.com
Madison;Davis;myersdiana@chavez.com
Jimmy;Young;melissa26@yahoo.com
Caroline;Harrington;evelyn10@vasquez.info
Kimberly;Brooks;jennifer75@yahoo.com
Luke;Douglas;franklinallen@bridges.biz
Sheena;Anthony;ujohnson@gmail.com
Jessica;Mason;richardmeyers@hotmail.com
Valerie;Ross;robert22@gmail.com
Debra;Diaz;smithjessica@barnett-perkins.com
Jeffrey;Roberts;stacey45@hotmail.com
Tammy;Anderson;zhangandrew@jordan.com
Natalie;Dalton;erin94@evans-ortiz.org
Adam;Jones;crangel@gmail.com
James;Allen;carterlynn@gmail.com
Samantha;Ball;owenschad@yahoo.com
Kathleen;Morton;kbishop@yahoo.com
Melinda;Benson;jmason@harrison.org
Alexandra;Reed;grivera@hotmail.com
Heather;Garza;cmatthews@yahoo.com
Jill;Allen;sarah21@jones.com
Jordan;Lee;jacksonramsey@gmail.com
Jesus;White;paulsmith@barrett.net
Ashley;Turner;burnettsteven@kaufman.info
Kristina;Reeves;holly42@wright-golden.com
Sarah;Mitchell;adamsjill@larson.com
Brandy;Jones;qwalters@gmail.com
Robert;Steele;melissadavis@yahoo.com
Bruce;Porter;ronald01@yahoo.com
Christopher;Martin;nicholsonjeffery@gmail.com
Tammie;Medina;kturner@yahoo.com
Anthony;Becker;crystal43@hotmail.com
Scott;Sutton;zvalenzuela@grant.com
Kristen;Meadows;gwalker@gmail.com
Joy;Rogers;joseph42@miller.com
Shawn;Gomez;thomas87@hotmail.com
Jessica;Lowe;jeremy64@gmail.com
Gary;Garcia;dalton55@glover-williams.com
Amber;Clark;dzavala@brown.com
Gregory;Washington;cyoung@hotmail.com
Darlene;Conley;cpeterson@hotmail.com
Michelle;Anderson;victoriasmith@fitzgerald.com
Ashley;Cook;perezregina@hotmail.com
Brian;Sparks;grahamkevin@greene.biz
Kimberly;Wright;odrake@rogers.com
Shannon;Powers;celliott@yahoo.com
Lisa;Green;isaac64@hotmail.com
Kristina;Curtis;slee@terry-sandoval.com
Gabriela;Brown;michaelschmidt@hotmail.com
Tiffany;Farley;ywaters@alvarado.net
Robert;Hurst;mullinscandice@anderson-greer.com
