1;Tacoma Access Cab
2;Town Car
3;Avenger
4;5 Series
5;XJ
6;Colt Vista
3;Ram Van B150
7;I
8;CLK-Class
9;Tiguan
10;MX-3
2;Navigator
8;C-Class
11;Compass
4;Z4
12;2500 Mega Cab
13;MDX
14;S10 Blazer
15;Frontier King Cab
16;Sprinter 2500 Passenger
17;Cadenza
18;Grand Am
19;Raider Extended Cab
17;Sportage
20;Sierra 1500 Extended Cab
2;MKX
21;LX
14;Camaro
3;Ram Van 3500
7;G
22;Sebring
14;Monte Carlo
1;Yaris
11;Wrangler
23;A7
24;Escalade
25;488 Spider
3;Colt
26;Mustang
14;Silverado 2500 Regular Cab
8;G-Class
8;Metris WORKER Cargo
26;Probe
23;Q3
23;A6
14;Suburban 1500
3;Stealth
10;Protege
26;Transit 350 HD Van
13;RLX
17;Forte
15;Murano
27;Continental
28;Ion
14;Silverado 1500 Crew Cab
10;MPV
29;Vanquish
26;GT
28;S-Series
8;M-Class
8;GLA
10;B-Series Regular Cab
30;Civic
11;Grand Cherokee
15;Pathfinder
31;XC90
8;E-Class
30;Crosstour
26;F150 (Heritage) Regular Cab
1;RAV4
1;Avalon
23;Cabriolet
26;Explorer
32;Accent
26;Explorer Sport Trac
1;Prius v
14;Sportvan G20
33;Range Rover
14;Express 3500 Cargo
14;Impala
26;F350 Super Duty Crew Cab
26;E150 Passenger
26;Econoline E250 Cargo
20;Yukon XL 1500
3;Caravan Passenger
26;E150 Super Duty Cargo
34;Riviera
17;Sorento
10;CX-5
35;164
36;Swift
26;Expedition
8;S-Class
6;Acclaim
26;E150 Super Duty Passenger
20;Acadia
30;CR-V
17;Soul
23;TT
37;Cayenne
32;Equus
24;CTS
14;Silverado 1500 Regular Cab
10;MX-5 Miata
38;WRX
33;LR4
14;Tahoe
8;300 TE
25;488 GTB
26;F150 Super Cab
8;SL-Class
15;Rogue
20;3500 Crew Cab
1;Venza
19;Endeavor
26;Ranger Regular Cab
26;Transit 250 Van
10;MAZDA6
15;Quest
2;MKS
26;F250 Super Duty Super Cab
21;SC
21;IS
1;Camry
26;F350 Super Duty Regular Cab
14;Silverado 3500 HD Crew Cab
9;e-Golf
34;Regal
14;Equinox
14;G-Series G30
24;XTS
39;Clubman
15;Frontier Crew Cab
20;Savana 2500 Passenger
9;Jetta (New)
40;Lanos
38;Forester
20;Savana 2500 Cargo
3;Ram 1500 Mega Cab
23;Q7
3;Grand Caravan Cargo
17;Rio
9;Golf R
4;8 Series
9;Jetta
15;300ZX
14;Express 1500 Cargo
6;Voyager
15;Maxima
36;Verona
3;Charger
15;Sentra
23;R8
20;Savana 1500 Passenger
31;XC60
41;Cougar
23;A8
20;Sierra 3500 HD Regular Cab
19;Expo
23;A4
13;Legend
13;MDX Sport Hybrid
7;M
12;1500 Crew Cab
31;S80
1;Tundra Double Cab
20;Envoy
36;Sidekick
22;Town & Country
21;LS
38;Impreza
38;BRZ
1;Corolla Hybrid
1;Paseo
38;Legacy
1;Corolla
10;RX-7
24;SRX
19;Diamante
26;C-MAX Energi
26;E150 Cargo
8;Mercedes-AMG GLC Coupe
32;Tiburon
10;MAZDA3
19;Mirage
1;Prius
4;M5
42;xB
37;911
26;Escape
43;fortwo electric drive cabrio
15;Armada
22;LeBaron
29;Vantage
14;Prizm
32;Genesis
26;Econoline E150 Cargo
30;Insight
7;QX
31;XC70
26;F250 Super Duty Regular Cab
1;Tundra CrewMax
14;Colorado Crew Cab
23;A3
31;V70
44;Achieva
20;Yukon XL
9;Golf SportWagen
26;Crown Victoria
1;Tacoma Regular Cab
9;Eos
3;Ram Wagon B150
3;Ram Van B250
7;Q50
45;500
14;Express 1500 Passenger
12;2500 Crew Cab
8;SLR McLaren
11;Renegade
25;California
20;Safari Cargo
12;ProMaster Window Van
26;Focus
26;F150 Regular Cab
30;Accord
7;Q
8;SL
46;Phantom
20;Terrain
38;XV Crosstrek
20;Safari Passenger
9;Beetle
26;Windstar Passenger
14;Volt
14;Silverado 1500 Double Cab
32;Sonata
9;Golf
19;Outlander
47;Rodeo
19;Galant
4;M3
22;300
25;FF
20;Sierra 2500 Crew Cab
17;Spectra
10;CX-7
48;Quattroporte
36;Forenza
8;CL-Class
46;Ghost
32;XG350
20;Jimmy
3;Challenger
4;X4
3;Ram 2500 Regular Cab
28;Relay
20;Sierra 2500 HD Regular Cab
37;928
4;X5 M
10;RX-8
8;GLE
16;Sprinter 2500 Cargo
49;H3
24;Escalade ESV
20;Sierra 1500 HD Crew Cab
32;Azera
10;Millenia
26;Taurus
14;Express 2500 Cargo
50;Metro
8;SLK-Class
31;V90
17;Sedona
3;D250 Regular Cab
14;Express 2500 Passenger
32;Genesis Coupe
26;F250 Super Duty Crew Cab
8;SLC
32;Ioniq Hybrid
20;3500 Regular Cab
14;TrailBlazer
41;Tracer
7;QX50
8;GL-Class
9;Phaeton
2;Navigator L
18;Trans Sport
1;Highlander
3;Ram 3500 Quad Cab
15;JUKE
33;LR2
33;Range Rover Sport
15;Altima
4;X5
20;Savana 3500 Cargo
14;Classic
3;Intrepid
13;RDX
33;LR3
49;H2
26;Edge
14;Sportvan G30
32;Veloster
10;MAZDA2
2;Mark VIII
39;Roadster
28;SKY
15;Frontier Regular Cab
20;Sierra 3500 Extended Cab
24;Eldorado
25;F12berlinetta
8;Mercedes-AMG CLA
26;Transit 350 Wagon
3;Ram Van 2500
10;Navajo
20;Sierra (Classic) 2500 Crew Cab
2;MKZ
42;xD
47;Hombre Spacecab
50;Storm
15;LEAF
14;Suburban 2500
4;M6
9;Touareg 2
14;Venture Passenger
19;Montero
34;Rainier
2;Mark LT
26;Ranger Super Cab
34;Cascada
10;CX-9
13;TSX
1;Tundra Regular Cab
15;NV3500 HD Passenger
24;STS
14;2500 Regular Cab
26;E250 Super Duty Cargo
12;3500 Mega Cab
30;Fit
51;62
26;Windstar Cargo
33;Range Rover Velar
3;Ram Wagon 2500
8;Sprinter 3500 Cargo
14;Blazer
20;Sierra 2500 HD Extended Cab
4;Alpina B7
1;FJ Cruiser
37;Macan
14;Astro Cargo
1;Tacoma Double Cab
11;Wrangler Unlimited
38;Outback
36;XL7
18;Grand Prix
37;Boxster
41;Mariner
22;Pacifica
44;Cutlass Supreme
8;Mercedes-AMG CLS
11;Cherokee
7;FX
26;Fusion
26;Transit Connect Cargo
26;F250 Super Cab
4;X6 M
20;Sierra 2500 Regular Cab
9;Touareg
45;500 Abarth
22;Concorde
8;500 E
19;Lancer
8;Mercedes-AMG GLE
18;G3
29;DBS
35;Giulia
14;Silverado 3500 Extended Cab
24;ATS-V
37;968
25;599 GTB Fiorano
46;Wraith
41;Mountaineer
1;Matrix
30;Odyssey
20;Envoy XL
1;T100 Xtracab
30;Prelude
41;Grand Marquis
34;Enclave
1;Echo
19;Raider Double Cab
4;2 Series
1;Sequoia
3;Dynasty
1;Land Cruiser
3;Durango
29;Vanquish S
20;Canyon Extended Cab
22;Imperial
14;Express 3500 Passenger
39;Hardtop
19;Eclipse
41;Sable
52;3-Sep
14;Tracker
24;Escalade EXT
3;Ram Wagon B250
7;J
14;Spark EV
29;DB9
26;F150 (Heritage) Super Cab
9;Jetta SportWagen
14;Silverado 2500 HD Regular Cab
26;F350 Super Duty Super Cab
6;Grand Voyager
15;Versa Note
14;Caprice Classic
20;Sierra (Classic) 2500 HD Extended Cab
39;Convertible
6;Breeze
3;Ram 1500 Quad Cab
20;Rally Wagon G3500
19;Mighty Max Regular Cab
3;Caliber
26;F450 Super Duty Crew Cab
20;Rally Wagon G2500
31;S60
31;C70
48;GranTurismo
33;Defender 110
14;Lumina Passenger
6;Neon
27;Mulsanne
51;57
22;PT Cruiser
34;LeSabre
26;Econoline E350 Cargo
34;Lucerne
32;Santa Fe
30;Pilot
23;Q5
18;Bonneville
3;Ram Van 1500
9;CC
23;A5
1;4Runner
14;Silverado 1500 HD Crew Cab
14;Silverado 2500 HD Crew Cab
2;Nautilus
14;Silverado (Classic) 1500 Crew Cab
12;1500 Regular Cab
4;i8
20;Sierra 1500 Regular Cab
21;GS
32;Scoupe
4;Z3
9;Passat
34;Park Avenue
30;Passport
14;Avalanche
12;C/V Tradesman
3;Grand Caravan Passenger
17;Rondo
4;7 Series
35;4C
48;Ghibli
20;1500 Club Coupe
3;Dakota Quad Cab
14;G-Series G10
47;Hombre Regular Cab
24;XLR
49;H1
18;Montana SV6
42;tC
11;Liberty
3;Dakota Club Cab
5;XE
53;675LT
26;Fiesta
7;QX30
14;Uplander Cargo
18;Firebird
17;Optima
20;Sierra (Classic) 1500 Crew Cab
4;6 Series
9;Passat (New)
9;Golf GTI
14;Cavalier
14;Astro Passenger
23;SQ5
3;Ram 3500 Mega Cab
13;NSX
14;Venture Cargo
39;Hardtop 4 Door
9;Eurovan
15;NX
15;cube
9;GTI
3;Stratus
10;929
26;Transit 150 Van
20;Sierra 2500 HD Crew Cab
14;Colorado Extended Cab
24;Catera
8;500 SEL
31;940
20;Sonoma Club Coupe Cab
9;Golf Alltrack
14;Malibu
14;Suburban 3500HD
21;RX
14;Silverado (Classic) 1500 Regular Cab
52;900
47;VehiCROSS
20;2500 HD Club Coupe
4;X3
20;Sonoma Regular Cab
15;GT-R
7;QX80
3;Caravan Cargo
17;Stinger
23;S4
15;NV2500 HD Cargo
1;MR2
15;370Z
15;NV3500 HD Cargo
3;Ram 3500 Regular Cab
20;2500 HD Extended Cab
3;Daytona
33;Range Rover Evoque
14;Traverse
36;Esteem
14;Sonic
13;RSX
14;G-Series 1500
18;Aztek
15;Xterra
38;SVX
14;Silverado 1500 Extended Cab
10;Tribute
3;Magnum
17;Soul EV
10;B-Series Extended Cab
32;Elantra
20;Vandura 2500
1;Solara
23;RS 7
20;Canyon Crew Cab
3;Ram 2500 Club Cab
20;Sierra 3500 Crew Cab
26;Expedition EL
22;Cirrus
54;Karma
21;ES
20;2500 Club Coupe
20;Vandura G1500
22;LHS
4;X6
32;Sonata Plug-in Hybrid
32;Ioniq Electric
52;9-7X
7;Q60
20;Yukon
38;Crosstrek
14;Corvette
14;Silverado 3500 Regular Cab
14;HHR
