Mr.;Matthew;Admin;scdx54xx9o83;3
Ashley;Smith;millerjenna;z8h01x4ij8ul;1
Sabrina;Williams;nanderson;jwa2c23b4dez;3
Carrie;Howard;cassandraperry;hvht24lenswv;1
Isabella;Olsen;gthompson;lsz7p5177xy4;2
Autumn;Erickson;gbarnes;tohn7yv863eo;2
John;Martin;xavierfrank;93z9wy04eavv;2
Melvin;Ramirez;reedsheryl;7erm0ny96z8n;3
Brenda;James;christineholmes;ys9u1a275dr4;3
Catherine;Weaver;richardsmith;ljh341t08hnz;3
John;Grant;nicholas20;qh0nistdm541;3
Douglas;Hoover;travisrichard;2xkb8fdzm34m;2
Shelly;Johnson;jonesgabriel;09hrjf7sc7c0;3
Lawrence;Alvarez;lmartin;l0bjw1pepgmo;2
Justin;Reed;nmiller;60d26hbfu2vr;1
Michelle;Nguyen;elizabeth16;f34v8wyqjvc8;1
Amy;Larson;melissa73;5ehbh91qq1ad;1
Brian;Craig;trujillobrandon;869xtb7pgqed;3
Alexander;Thomas;usmith;u47gh5is3gzu;3
Joy;Mitchell;jenniferpowell;wcqrpz3b1p1e;2
Michelle;Allen;melissa33;88iiqpv64v6t;1
Eric;Cuevas;xbrennan;5ksegpxik3tl;1
Stacey;Martin;tony48;1b12xy0vwc7l;1
Denise;Roach;ronniekline;dyo49vce96lb;3
Brian;Wiley;wendylee;e073kgxsr60a;3
Rachel;Stafford;taylor54;r8h362t5rxx4;2
Michael;Park;tiffanycooley;i4kxux8a21qw;3
Daniel;Kirk;bmurphy;s9z19x7mtxyn;2
Brendan;Wilson;velazquezterri;zbfei13ypk4i;3
Caitlin;Fischer;debbie50;hzs81vx7q0la;2
Andrea;Little;andrebenson;34ojtct1784s;3
Dawn;Vaughn;maria04;bq04h6wejwqk;3
David;Skinner;xolsen;0ferpgyebvmy;3
Jill;Christian;ricky10;h98b9d671i1q;2
Robert;Moore;esims;ay743z5xe7ob;2
Carolyn;Wilson;peter02;osap6hsx4bij;1
Jacob;Rios;hoffmanandres;z8lhocxv6ps5;2
Darrell;Hamilton;mparker;67141ee58ux5;2
James;Wallace;gamblemichelle;lmu3k65i67nu;3
James;Collins;ehill;vv1nqmw6w9m9;1
Stephen;Mitchell;mary23;x0uo8rqkz96v;1
Anthony;Barnes;ramirezchristopher;cjudsm9jdxmd;3
Jonathan;Andrade;francisco73;60aixagnt2a5;3
Ashley;Fields;lsullivan;h7p5892tet08;2
April;Carlson;dmunoz;mkxf0aevb16k;3
Joseph;Contreras;pshaw;lj7n1r163o54;1
Carolyn;Poole;rodriguezalexander;9hlm18yq6qzt;2
William;Ward;joneslori;3c5o6y3ca9sy;3
Angela;Reeves;rchaney;95hnpv74kokb;3
Jacob;Gates;carpentercameron;4aktk112a3me;1
Tyler;Adams;luismack;0fxvrneal8pu;2
Michelle;Fernandez;taylorshelley;6d80q25yr8np;3
Christina;Martinez;ryanwoods;i91a2oxmu7po;3
Jose;Washington;nancyhurley;av2g02uw4i9p;3
Alexis;Hobbs;uroberts;gssps0167d5g;3
William;Todd;michael45;5kkkihdpd0mx;3
Jessica;Quinn;gregorycook;skhjec9dp0v4;2
Phillip;Mills;brendan64;fw54c59l306f;3
Alexander;Cunningham;paulalee;l5n3kijjbqzy;3
Mark;Brooks;alexjones;f9uyusk7ol4g;2
Ashley;Butler;hbrown;m3hdcluc89rq;3
Wayne;Schmidt;bwalter;mp0ejx3gs5b0;3
Shannon;Moore;clarkdave;88mfy5nrchc2;3
Emily;Oneill;tiffanyferguson;5v83ifjq4waq;3
Kara;Jackson;nwatts;3uoxl0vmv2pi;1
John;Russell;darren45;ju2v0z8z7ufp;3
Robert;Owens;melaniejackson;4vx7v7pe6t2w;3
Lisa;Lane;craignelson;51bgdghpidca;2
Marissa;Hansen;elowe;s71rqutfwluz;1
Jaime;Mcdaniel;matthewhernandez;65xghgwnnzpy;1
Leon;Williams;clementsbruce;slxc5pg6tsox;3
Crystal;Jones;amandasims;5gu9zw57vh9u;2
Kelsey;Reed;gibsonjamie;lmq0tbg7k140;3
Susan;Wood;donnawilson;qdwfp6q66izs;2
Elaine;Hall;anthony14;xg4jlndjkl2o;1
Alexander;Diaz;zfoster;oj8s10wgc9xa;2
Glenn;Coleman;cclark;y9iknq6mdpd8;1
Autumn;Jones;arangel;rr5o9x25j16n;1
Shelly;Hansen;wernerbenjamin;vw8ydiasa14c;2
Michael;Roberson;winterscourtney;r81r1vph64vu;3
Robert;Henderson;joneskent;kvzurqk8wpa6;1
Ian;Mason;cmoody;g5z9soye1gor;1
Nancy;Mcbride;sharonhopkins;032saxllx1gc;1
Nicole;Chung;coreymurphy;ut6004z68sag;1
Nicholas;Knight;hardyjoseph;yvac728kek2n;3
Kimberly;Abbott;john07;lfwffufw09ed;2
Andrew;Foster;markboyd;tonyfcgbif1a;1
Kathy;Elliott;fbyrd;g9bveti7a0c4;3
Michael;Torres;tracyfitzgerald;v9jmd8nouncp;3
Christopher;Dunlap;earcher;rhavlk1quo6r;3
James;Barnes;marquezmary;db87byugsmcj;2
Tyler;Perez;mgill;l38n0fufb28z;2
Robert;Cross;tiffanypierce;ef580zvgz53c;3
Caitlin;Ward;don97;27izndrpx81d;1
Edward;Perez;palmerglenda;n9p97lmy8p0t;2
Tiffany;Lee;jodi99;6zkjgvxv4k4d;1
Timothy;Walker;antonio04;7vshu4qlly1z;3
Kelly;Bender;bking;zc6rk9etun6z;1
Carlos;Garner;garrett62;mjb56jgmie2b;3
Steven;Barber;cheryl79;itl9s415456x;1
Austin;Moran;thill;o3u3ffwcib5t;1
Mason;Carroll;davidbell;pojqajw0m59l;1
Sean;Reynolds;katrina18;228gtuwf81dv;1
Joshua;Valentine;jenniferwoods;g6yyy6p4su5h;2
Michael;Patel;chris94;8cdmteorfqks;1
Holly;Glover;robinsontheresa;w3h874hci5s3;2
Richard;Taylor;tammy84;moxw6khnmi9c;3
Sarah;Stokes;diana53;8w8yoc6b6skr;2
Kristin;Garcia;victor92;142j1mflirn1;2
Troy;Martin;michaelhall;jggjhzg68hy3;3
Carrie;Whitaker;andersonandrew;4kysr1evzn1x;3
Justin;Cervantes;greid;p0ngs7wgmi91;3
Mr.;David;jacksonchristina;jcg1vn5d9bbt;3
Sandra;Stevens;nelsontrevor;0o6rlxrqow7p;3
Katherine;Thomas;xgarrett;v25nvlla2e2l;2
Dr.;Terri;jason44;kz4bu9vorhe1;3
Brian;Thomas;martinezjeremy;gbq3wapy5pb2;2
Steven;Mack;timothywilkins;l1uaizxejh5i;3
Jennifer;Phelps;pblanchard;05ouc96c85s2;3
Dr.;Debbie;wilsoncourtney;hoda66cesykk;3
Jack;Yates;daniellesandoval;0i949cwarg1v;3
Michael;Wright;garrett98;h8ym66lvn9g8;2
Kevin;Glover;hollymurphy;8p6jppc85et0;2
Catherine;Bryant;ssmith;hlvfrfubli91;1
Tina;Morales;morgantaylor;571fp5ga8244;3
James;Luna;emily79;bedgloxp34rd;1
Richard;Mccormick;kristen52;kxmhpvdlf5xj;3
Jessica;Parker;jeffreyjones;3y4k5jh1sk58;3
Laura;Collins;sharongross;0weo2kvdu153;2
Edward;Bowman;johnsonronald;8y768jcidr4m;2
Alexander;Scott;ericcarey;gmapir3p544g;3
Holly;Schneider;prodgers;p6zyakxbmvs2;1
Taylor;Pierce;mary37;jt6bl6e06310;3
Samantha;Pena;andrew00;434a7l9ufm68;1
Roger;Morrow;guerraeileen;g7nrvla61gq2;2
Sonya;Adams;kathleensolis;gr897fljcgas;2
Sarah;Hawkins;kathythomas;yt12tet82fkp;3
Shannon;Hurst;benjaminmolina;47fuwlmqm9mi;2
Dominique;Williamson;dakota91;9lsmod9xipz3;2
Peter;Fox;novakmatthew;4p9krx9r51qb;2
Vicki;Griffin;adamssuzanne;1t8dewb2h74b;3
Monica;Black;jennifer56;i0ldz3hnsw22;2
Kyle;Bauer;brentharper;y9mi8vgy8wgt;2
John;Allen;wmccarthy;g38x4d8ghujr;1
Sara;Peterson;sellersdeborah;7hcr2nbnpciz;1
Ricky;Mcdaniel;currywilliam;20yth9cbvukj;3
Diana;Lopez;lewiscynthia;nobnahe74hlq;3
Steven;Fuller;nblackburn;ml16akrl7sb7;1
Brian;Weeks;joshua27;04xgh8fkzj22;2
Gabriel;Brown;obullock;ods8exyh9oqt;3
Tommy;Jones;alyssa78;x2t9qb9g33fd;2
Debra;Mckinney;jonathonmartinez;2hv3fc1lxsqv;1
Tina;Smith;jennifer76;8przgnb4hj1q;3
Melody;Harrison;eileencook;6sfy8dit87vm;2
Adam;Hurley;timothyjohnson;9btgqusgjolf;2
Joseph;Vaughn;scott96;9h0c7hqhpjaq;2
Jamie;Moreno;victoria55;sb071osuudeb;1
Anthony;Thomas;adam05;s8u9oc9wbmra;2
Maria;Herrera;briannaellis;532685irdgjn;2
Rebecca;Taylor;taylorcheryl;7q549cyts2ii;1
Omar;Harvey;erikcook;9l4hudxm2emm;3
Michael;Hale;alexander44;5j36tn2w9rac;3
Kelly;Williams;millerpaige;5ffmfw6iv16y;3
Thomas;Sosa;jordanthomas;n1lgo1ywmfxj;2
Maria;Santiago;joanna36;qjhg6e318sn0;2
Steven;Duke;watsoncatherine;0y7xl5zdzwcg;1
Nathan;Medina;ericmcknight;84z6b9o95t37;1
John;Willis;john01;3ngb7ct3980i;1
Janice;Elliott;thomasjonathan;l7w5331gtut9;3
Sara;Holland;pschmidt;rb4xtcdh5uis;2
Javier;Fox;sarahevans;wkkgtviqq9bi;2
Matthew;Hall;andrew10;4ixvpponq30q;1
Timothy;Moran;yolandamoreno;1uyo4b2b1rg7;2
Amy;Kelley;griffithandrew;949ix7pyqn4n;1
James;Logan;owhite;rcsz8xhr51q5;1
Kim;Beasley;xwhitney;7pmp6z7ugtjl;2
Joseph;Hill;ujones;76gy2hx4cohm;3
Beth;Maynard;mrodriguez;p2b6eepszitp;2
Deborah;James;richard87;q5f8mdwxx4xj;2
Jason;Riley;kelly00;6neh6lz95edg;3
Teresa;Brown;donnafreeman;8wfwbf3e3pxf;2
Ryan;James;jerry63;xu76e335r71o;1
Kimberly;Larsen;levydaniel;o0g70a8sf43f;2
Justin;Smith;salasjoan;hnnyrooq1z2z;2
Cynthia;Fernandez;olowe;9w74lkx9s73p;1
Adam;Smith;xsmith;vic7a5pl2iyk;2
Autumn;Wilson;lwilson;hcff57rt7fwu;3
Jillian;Phillips;vernon08;1sf9cg4km1ks;3
Michele;Brooks;ibarajas;055skk35n6wf;3
April;White;tmartinez;xmg4rqex4laf;2
Eduardo;Kennedy;stephaniesullivan;55n6uoodoet6;3
Deborah;Stone;barrdouglas;mn82fbdgpebw;2
Christopher;Beltran;olarson;257muw3tb9bx;3
Valerie;Hurley;jonesjulia;5f1i4rcd6pa4;1
Sarah;Jones;seth94;79sahl75l82e;3
Michelle;Perez;gstewart;730nlkvkkno9;1
Bruce;Fuller;amanda87;2e1nxm1tzxct;2
Marc;Mccoy;hkhan;ah849guq60ks;1
Cindy;Vega;melinda56;1b25llb1sg3r;1
Sheila;Schmidt;annettefowler;rla25k6b6br3;2
Ricardo;Olsen;johnsonveronica;x5vqic5w1c6v;1
Jessica;Odom;edwardsadrian;hql9k1i4di3i;2
Jonathan;Hawkins;kathleenmarsh;8klewbzs2vgw;3
Melissa;Taylor;lsmith;o7zzgv3ld6pt;2
Jennifer;Casey;emily09;9cipjaaf0622;2
Peggy;Patterson;wrightrobin;9pz8naav1wtf;1
Brooke;Villarreal;wrodriguez;325wjux47ezf;2
Lisa;Silva;amy11;mlphuzq2slq1;3
Elizabeth;Tucker;ywilson;pf5jghnpbo5k;3
Gregory;Andrews;thomasedwards;7pym8vhw7nob;1
Jessica;Velazquez;adam43;67n9rje5t9ts;2
Nicole;Jackson;estradamatthew;7yaltqo9xn2y;1
Jenna;Richardson;james05;0pm97exa7qic;1
Carl;Marks;vdean;dv7qsfssh57n;3
Danny;Campbell;rachelblevins;c1ucz5w59csc;3
Philip;Ross;wernerthomas;kbbzlggt9koz;2
Amy;Freeman;melissa64;c8ylfye39x4w;2
Abigail;Garcia;jennifer45;eh35mjcpolqd;2
Ashley;Molina;michael17;1nfa1indj9v1;2
Jennifer;Zamora;dpruitt;5ilr9e0i2axd;1
Katie;Phillips;kevin58;lsuwyo0g1z7b;3
Amanda;Powers;jennifer65;fgjkl27i6j33;2
John;Mora;lhawkins;y453vzbsxmdh;1
Jonathan;Hickman;cathy98;0y7o5md6f6vw;1
Kellie;Roy;gonzalezamy;svzesc93z4c2;2
John;Martin;vanessa51;q0g76804fvlm;2
Erin;Sweeney;smalone;xso9ovkxf3mz;1
Patricia;Gates;dkim;rf7klg6s9tfw;2
Patrick;Payne;howelltrevor;rg30f48r4s7f;3
Jessica;Richardson;jenkinspaul;a2wj6v6ayn6l;2
Ryan;Martinez;xmathis;qorq44eo1cu8;1
Brenda;Banks;hallmarcus;odkclo3w0gvu;1
Kelly;Williams;mitchellamanda;1fbqlfo5z5no;3
Sarah;Smith;adamssteve;z9y7oi1w43pg;3
William;Vazquez;bmoore;y1qck2dzdg8n;1
Christopher;Schwartz;jsullivan;0ie659tdllgk;3
Amy;Andrews;fwilliams;ms9kd2jf9zoc;1
Stacy;Arnold;david32;r9humr7l1oqx;3
Larry;Russell;nsmall;y1sv7awl106l;1
Angel;Allen;michaelford;3jjxpdfst1nb;2
Jamie;Davis;kimberlymatthews;nma1762s8oqc;1
Caleb;Hickman;tamara59;oz3hjpke3ke6;3
Larry;Mcguire;gregg67;nvq8tk8o72t3;3
Janet;Yu;sscott;4cbuzqp2cyyx;3
Eric;Lee;adavis;87cp5cjaqgjh;3
Amy;Walker;christinadelacruz;apgep1b37jsb;1
Robin;Andrews;susan66;kafzw18d3vpl;1
John;Ramsey;christensenrebekah;y4o5yo9gu5uo;2
Angel;Allen;lisamurillo;4tgkx9hic0ck;3
William;Smith;jenniferjones;9fddkrb99lvt;2
Cathy;Evans;jwilson;tkfha35r24t4;2
Jorge;Hernandez;perezkaren;6rps87cwpkk7;2
Lucas;Mccormick;kimberlyward;2kc25boka4as;3
Michael;Vaughn;gomezmichael;o7cilwcp6kz1;2
Kenneth;Powell;brettcabrera;tevxu3nex3wh;2
Janet;Morris;olivia61;8skykq0xpz2j;3
Christine;Schroeder;zwalters;xn1leje6924v;2
Christian;Rodriguez;andrew20;6rv4bkip84lq;2
Linda;Diaz;timothynelson;9dh47wl8n9ju;3
Tracey;Carter;boneal;m3frm8frc5fx;2
Samantha;Floyd;sarah76;31pxl6eibjsz;3
Carlos;Schmidt;jonathan04;3bfwi83nb5uw;2
Angela;Odonnell;chavezbrian;iav67mlfdowu;1
Denise;Robertson;uashley;rcyj5dl3m1tg;2
Catherine;Jackson;derekdawson;tyw6sa9sa6cc;3
Mr.;Erik;lopeznathan;kcdhj2m8hyz9;3
Kerry;Jones;bradleyclark;0qf9r0luqpo9;1
David;Smith;markreed;2zojivqsjtov;1
Anthony;Monroe;jonathan68;200iaxvnt0ec;3
Natasha;Gardner;frankwhite;9koq413dt4ry;3
Joanna;Liu;timothyandersen;55ylb3ek08wn;3
Franklin;Robbins;matthewhenry;jqm77aupv3cc;1
Shannon;Johnson;wwallace;2qetd4k7ui5g;2
Hannah;Harris;alicia47;1g5mifya0j1n;3
John;Shaffer;ugomez;8dxuiu5vkmxo;1
Andrew;Phillips;barnesmichael;4p7j1x0xg7w4;2
Lauren;Duran;morrisdonald;lqjlb8z39o5g;3
Jennifer;Hardy;deborah11;pvzq6wvrcj7e;3
Jennifer;Park;mbrown;7on0kyqtr7dh;1
Dennis;Oneal;kwilliams;5c6ujonk8pdh;1
Cameron;Baldwin;sarah36;4dj4sjltjol4;2
Katherine;Vincent;steven26;f46mty1cawij;2
Tiffany;Wise;mindy74;78v6nr8n83ai;3
Benjamin;Aguilar;jamesdaniel;e5ytajtvlc0f;3
Cody;Wilson;joshuamccoy;5ns5qjmg9esd;2
Cesar;Sanchez;lisa52;py5tv6ttf7sw;2
Nicole;Cox;ygriffin;5kdvq5xs2wj4;1
James;Guerrero;moorejuan;9jj1s3yqm8lv;1
Michelle;Harris;terrimay;pob4mv9s27rt;2
Jessica;Perez;bennettheather;68nrej6g2iha;2
Debra;Humphrey;kpierce;gvv78d2u9gdx;1
Sherry;Zamora;mary53;0w8fp5h4h1kz;3
Paul;Young;stevencopeland;cjhj49oq87x2;2
Billy;Myers;perezchristopher;wcx1cjf830ks;3
Shane;Reynolds;hbuck;6glj1ybl3vu4;1
Kathy;Carrillo;awolf;d8w4ypz004oy;3
Jennifer;Friedman;lambertwendy;pwtx13560gci;3
Rachel;Williams;sergio77;4qw2l95074ia;1
Scott;Brown;jayala;8kawqc79smk5;3
Samantha;Bruce;hunter14;cocsogj3j14k;3
Ethan;Richards;perezjason;9scouvow1gu5;1
Mr.;Christopher;ctaylor;k8lbfmpv5y0a;2
Logan;Thomas;jessejames;papm6hk267mw;1
Tyler;Graham;mswanson;e2a0m3m37iyt;3
Joshua;Arias;stevenbennett;0wl8ynnv45m6;1
Cynthia;Ellis;craigelizabeth;r7e7b98fq557;3
Kristen;Peterson;pamela33;4k9pvbi40o4n;1
Barbara;Gonzalez;stephaniethompson;o7agjaprt17o;2
Nicholas;Smith;andrea88;40mtp59ayhag;1
David;Johnson;scottjohn;yp1w07ippa71;1
Kristina;Jordan;dickersondavid;1l38z96q9iv3;1
Dylan;Jackson;andrewschelsea;u55en8pt0ojz;2
Paul;Williams;jonathansanders;p9zcrf6f70wo;2
Chris;Fry;lisamoore;h20begb45mz3;1
Kenneth;Carter;josephtucker;er270y4u4q1j;3
Christina;Olson;bethgeorge;w19uygsvumxa;2
Leslie;Kramer;katrinathomas;d1qw9lzuuj9y;3
Carolyn;Johnson;larrycurtis;0sdobv5ibo50;2
Michael;Clark;uarmstrong;dw9v051ddhhg;1
Patrick;Larsen;kennedysandra;tubumv0xd0t5;1
Jessica;Clark;heatherstanley;9j8k24rkx2ns;2
Olivia;Lozano;karencain;tdbf7vng09mt;2
Kristina;Mitchell;kevin32;yazju1ra752i;1
Mike;White;pjackson;s3ftcnqx3jth;2
Shawn;Ibarra;amy65;6le8ewi1wv9v;2
Andre;Adams;diana92;0dqjdctqmauh;3
Daniel;Willis;charvey;p2x7opyet0wi;2
Tiffany;Turner;hphelps;x5ocmmh087mt;1
Crystal;Gardner;reyesgregory;df477zow2sue;3
Robert;Compton;dan17;32yysb3c128q;1
Brandy;Brown;reyesdaniel;08msy42vt8at;1
Nicole;Duncan;xwhite;o2qi1ndrmufx;2
Nicholas;Summers;spencerjoseph;2becxrbu0wdb;3
Anita;Martinez;chad21;h00ac84z3ivx;1
Cynthia;Cook;hannah80;0201pdgp5swc;1
Courtney;Sexton;michelleanthony;wjiqo96yt7y8;3
Richard;Evans;hwilliams;ahf0wbos2og8;1
Gail;Hart;herreracarolyn;308ny3vi6uwb;3
Keith;Brown;ashley79;b4s6iade66ha;2
William;Haynes;vcollins;67l4jgvhrzjc;1
Marcus;Foster;katie91;9ghv4zk0m93h;3
Deborah;West;corey05;vj7mqcp9ipkp;2
William;Chan;ddiaz;jmmnjqcs71rc;1
Jennifer;Henry;frank74;9yk8xdapedd5;1
Sara;Marquez;kevin91;c8g13dro0n2w;2
Kim;Michael;roy00;t3jvu8t5kywt;3
Karen;Fuller;alexander27;mc6uygbpzjj4;1
Rick;Wood;hoganpamela;t19tkpxzi4xv;2
Caitlin;Davis;quinnethan;bru5ejs280q9;2
George;Williams;wardnicole;5e89gviu6wnq;3
Natalie;Daniels;anthonymoore;pk68tklr7a4z;2
Miss;Sharon;sarah29;h48eq9bp0x4i;3
Ruben;Caldwell;mikelee;5hq62qact9op;3
Natalie;Miller;williamsmitchell;1x0r1v6pdmno;2
Gregory;Stafford;anthonysonya;s1vi5zacy4mb;1
Jennifer;Butler;gregoryguzman;h5l4xcyty3wy;2
Gabriel;Lawrence;richardsonrichard;qeb7pzaklu82;1
Chris;Sloan;christophercox;nbx9y9n8t6ew;3
James;Rodriguez;victoriajones;70dko2lief5z;2
Amy;Brown;tracykennedy;xtpnz5dbat02;3
Jonathan;Burgess;wilcoxjoseph;7t8n4m6v3v21;1
Megan;Campos;awilliams;5p7k8ox1o05v;1
Melissa;Vega;sheryl49;p47blomkjojt;1
Dominique;Cooley;yrichardson;hm9vku4a1y57;2
Ebony;Bowers;mathewshaffer;xltvs31a80xu;2
Kyle;Duke;ahoward;n7zfyyntoqa3;3
Joseph;Casey;melissa54;u91f1sf9f9ns;2
Kelsey;Mcconnell;shirley43;n35bgmynvb2c;2
Brianna;Dougherty;berglinda;8x4fg74s18tb;1
Marvin;Spears;cbaird;4j72ooqddc0f;1
Casey;Morton;jodi36;2jygxfttuamj;2
Jeffrey;Bailey;guerrachad;wk512hkaw3z9;2
Michelle;Hernandez;martincheryl;s7h2gvxbtt33;1
Alyssa;Lucas;james27;8mbxj0ubi4et;2
Jacqueline;Hicks;jenniferpierce;745ux5ps2che;3
Stephen;Hodges;wendycoleman;9lgv1djk6i3b;3
Isaiah;Aguilar;sean25;np5bl48btn65;3
Tonya;Morgan;lisa05;wt7wcf03nnob;1
Emily;Johnston;kellylong;a3cx313oi4uq;3
Katie;Holder;qsmith;mr243qiiq3wb;3
Courtney;Parker;tayers;uu6mh68lvg5p;2
Candace;Aguilar;christine91;lphsc1qe38vm;1
William;Murphy;julie65;vat0qziuvlx7;3
Joseph;Francis;kwatson;y85vubfrcops;3
James;Thomas;mnelson;47k7bxl84u5l;3
Sarah;Kirby;angelanixon;g0pjkd14hvk7;3
Kimberly;Mccarthy;kflores;svez41dxuttm;2
Richard;Reeves;shannonbowman;6bde95wex6r0;2
Eric;Rosales;lopezkathryn;36uqwvh961qj;3
Shawn;Sparks;stephaniesmith;ky9wfq1m886p;3
Kelly;Massey;likendra;g9xmdwe8b460;3
Phillip;Davis;smithelizabeth;ifby2j114onk;2
Mrs.;Laura;laurenjohnson;e2h9x81k0568;1
Andrea;Martinez;cbartlett;i5nvsvtguzxa;2
Kevin;Cunningham;timothy47;xjr38uuxhhxe;1
Angela;Roberts;ssuarez;igi92cxbshcj;2
Victoria;Huff;jamesbarnes;0ihwnju047m8;3
Cynthia;Ramirez;samuel38;i2jqekt7oxgs;3
Lori;Odom;newmanjesse;244oz80k9ycr;1
Katrina;Garcia;bdean;487m99lee41a;1
Martin;Phillips;askinner;usl544u8udd9;1
Robert;Morales;beverly54;836eb3mikwp3;2
Adrian;Peterson;emilyjackson;mklpdqfa7bmw;2
Daniel;Cantrell;mendezjessica;r574kie1lyab;3
Dominic;Perry;amyrussell;rp3c8zbc3r91;1
Brian;Jordan;alexandra81;76w0w4x3lt5v;1
Doris;Schmidt;ywalker;6ngz68j2wjrx;2
Samantha;Harris;jeannechambers;qhrxz0h6mu8d;2
Mrs.;Mary;gregory38;j8ef63g5z66b;2
Donna;Garrison;fmoore;za7aqmsv9sxf;2
Jessica;Nelson;christiancabrera;9fikv8d5f08e;1
Alyssa;Lucas;parkercollin;9fvr2yiqrfoc;2
Paula;Walker;judith94;rxgwb5ytf8d2;1
Nancy;Brown;sharon21;c6wf0tswg3pr;1
Aaron;Fritz;samantha04;8udf9wa0s7ui;1
Shirley;Fox;chase67;pk40cgnrqexz;3
Rick;Caldwell;jamespatel;oanhqgup2eb6;3
Barbara;Vasquez;brett25;amkvvg3fv4ps;3
Alan;Wolfe;sheila13;yn1pmlgnnsmj;3
Dustin;Lowe;hamiltonhannah;44ukzqyqwsnk;1
Mrs.;Jill;christopherliu;lpdwgi9955l3;1
Thomas;Torres;josemarshall;i7ou0xp8g3ny;1
Jonathan;Weeks;travis58;5pkg3wwf2f31;2
Kelly;Johnson;patricia79;1od8o47ya4mr;2
Jennifer;Carpenter;ttucker;z4fz325l880c;2
Kaitlyn;Shaw;herbert40;ex0cl5ebumcj;3
Melissa;Matthews;roberta05;u3341o5wb3vq;1
Stacey;Brown;bsantiago;slcpcw0c3ikq;3
Bradley;Mcdonald;brianhenry;ehnq03lb4v4c;1
Jonathan;Nguyen;brewermolly;576gc9w7wree;3
Denise;Marshall;johngomez;05ajxdxrp7nd;3
Angela;Frank;jessicakelly;l8g2izwn4wff;1
Crystal;Arnold;joe35;pbdfnuv91b7s;1
Christopher;Mccann;wmccoy;pshk35k56zv2;2
Jeffery;Ball;gmorris;67moz6mtiwoj;2
Jean;Smith;teresa95;245g1fqcqrbu;2
Erin;Fitzgerald;uwhitaker;39wjtuc7pahp;3
Lauren;Nichols;bradley47;pyq4lxox8oc3;1
Joseph;Perez;harrisdanny;2pvbb2s6sc12;3
Manuel;Brown;yvazquez;9jvt6esjlqro;3
John;Peterson;hayessteven;x5iz2xpzas1z;2
Victoria;Farrell;andrewpierce;dcqzcq9544c9;3
Stephen;Dixon;andrewsfrank;xr2wov3jv1if;1
Katie;Brown;beverly94;60i5t9ufqqzw;2
Sue;Thornton;kimberlyalvarez;nhf33ckv3z9g;3
Alex;Vega;kevinbyrd;s0fslj42xc7d;1
Abigail;Hinton;michaelortiz;fnp2b3f7m6ob;2
Stephen;Taylor;jeffreywilkerson;4h1hjar7y7rd;3
Kathleen;Lewis;lori59;ao6xgdl01utw;3
Devin;Henderson;lisa34;l6q5kwglc3ps;3
Michael;Knight;ghensley;l2b9zpr3vpty;1
Angela;Miller;gadkins;op3cm7r3t713;1
Richard;Quinn;stephanie92;8cguyz1z7t9m;1
Jose;Hill;martinrobert;fqqntr3hlafn;1
Zachary;Martin;stanleyalvarado;z45rompltlcc;3
Jennifer;Coleman;tiffany56;22cp0q6d0lx4;2
Katrina;Lynch;davidrobbins;9z97xv57srk0;3
Jeremy;Clark;wilsonandre;6k3vhiift3cc;3
Ronald;Jones;kellyolson;v9g1os7ror8w;2
Kristopher;Clark;victoria56;2ewpfdvd91xv;2
Donald;Calderon;jonathan55;1as5t5bpusj8;3
Mary;Martin;robertmartin;2lshu6hs4n96;1
Heather;Vasquez;lesliehuff;49j6n3uidta1;3
Sean;Hawkins;luisbrady;uvcsfi7dizkq;2
Richard;Castro;danielsmary;ncz0kv5c3cci;2
Taylor;Oconnor;jason78;mod9lk3u65qa;3
Stephanie;Farmer;christinestewart;rxfm5kdhn8j4;3
Jordan;Chambers;hwashington;52nsy78nvvjh;3
Tom;Foster;rodriguezkyle;l50ahijslckr;1
Samuel;Bullock;jacob73;fxpaji1f56nw;2
Troy;Carroll;gswanson;b75bysemns1o;1
Pamela;Ellis;eric54;u5euahsoe2ol;1
Matthew;Goodman;carlos42;01o3kmvu8yt8;3
Wendy;White;bartonlaurie;62fhywu5n59g;1
Lucas;Dickson;jmiller;5nxmfxs4unxi;2
Daniel;Hardy;michaeljohnson;o5e9z00gvt2l;2
Michael;Reed;thomas87;zc1qkxw51wo2;3
Kathleen;Rose;wthompson;pctrhmj7fh63;3
Isabel;Hart;hsoto;fyn50lqab5tg;1
Haley;Haas;mercadorobert;29z33x6j5exr;2
Bruce;Rodriguez;wnguyen;h0etjobfxfdg;1
Ashley;Weaver;coxjennifer;6n1zz3at98kf;1
Ann;Duran;karen30;4k5ry8o6hqlr;2
Olivia;Garcia;tina83;bwv22h3of30c;1
Derek;Edwards;franciscolane;5l4qxb22ry6w;2
Mrs.;Diane;christina70;stpl7vog18r2;2
Christine;Potter;leemichelle;sjnot0qe7baz;2
Craig;Taylor;reedzachary;j6uzb9bp88pc;2
Mrs.;Erin;josephmarshall;e65sxs2z67n0;2
Nicole;Caldwell;kristin54;hx7e082zyo17;2
Kelly;Holland;rachelgardner;x94jqqwz1u5m;3
Veronica;Oliver;jacksonstephanie;6y3vskvcagxk;3
Derek;Wood;wscott;qbkebhbv7o56;1
Anita;Page;oking;e25kgcjez6a6;2
Kaitlin;Hansen;michaelhenderson;d4hnn9gv72m4;3
Holly;Smith;jennifergonzales;1jomlykedsrz;1
William;Mclaughlin;ugordon;9l2yznq405ta;1
Crystal;Campbell;david65;68zuy6ez7mis;2
Emily;Hill;michael16;mopiwzo5k7ne;1
Kayla;Allen;drakethomas;1yma0ypmts71;1
Daniel;Parker;pattersonamber;x8256r4qqfon;1
Brittany;Lutz;donaldreynolds;b42ghttrsst8;1
Francisco;Rodriguez;steveanderson;i6tjjgvf1e7l;2
Andrea;Welch;susan03;le28b6am08tt;3
Joseph;Brandt;mchapman;y9ny1vdsag6f;1
Amanda;Bowers;russellwarren;rpv7oc4o7jv6;1
Christina;Jackson;johnarnold;e6utu6kyb27b;1
Karen;Cruz;sdunn;xx2azo1vrhk8;1
Charles;Mcdonald;evansmegan;fq4z9ahee99i;2
Nicholas;Fisher;dixonjessica;nywsxbtxh9lf;3
Patrick;Estrada;loganvaughn;yto4eiyu99bt;2
William;Brown;marywise;ylctj6ir72ot;2
Jill;Anderson;ythomas;a475mceeoyoq;2
Kent;Mitchell;derrickbell;hw25hzx84uyb;1
Robert;Barrera;jonesthomas;88koi95tpst0;2
Heidi;Love;davidnichols;uxcs6fel1u0o;2
Julie;Murphy;xhoward;xbzjgqdhbyx6;2
Steven;Foster;ulove;e4hk7kju84yu;3
Michael;Cabrera;micheleryan;2az29vpzt84h;1
Kendra;Garza;virginia56;f41r3adax6q8;3
Alexander;Jones;crystal90;kza2owfy8i6h;1
Kayla;Phillips;codylong;zevj8dqi9uu8;2
Ryan;Wells;sprice;thejoxfjnyy9;2
Michele;Mayo;juliewilliams;34e8t9hnubne;2
Shelly;Valdez;smithvanessa;4yqsj3v4y4fh;2
Pamela;Jenkins;laurenwalker;vwjz7di4dm8r;2
David;Cruz;perezchristina;illgqj4w9fbc;3
Brittany;Castillo;barberlauren;26dsox2d8a9g;2
Steven;Becker;bguzman;4agw2upij4ud;3
Cory;Jackson;vpatterson;v99xr2yubp3g;2
Zachary;Harris;mclaughlinchristine;gp0iw4ut5lkr;1
Joseph;Rodriguez;baldwinvalerie;nocfnui407s8;1
Charles;Sandoval;mitchellthomas;bbafekc1r9t1;1
Johnny;Taylor;hendersondeanna;ulg9hesz3muk;1
Carlos;Ross;vlee;vvm9t2pkxbr1;1
Lisa;Smith;sgomez;5eoitooikqa5;1
Brittany;Murphy;davisbarbara;sf2t300ayc8j;2
Bradley;Serrano;dpage;8e92wllchirv;2
Michael;Goodwin;kdavis;jeupytojn5o3;2
George;Dunn;lambdiana;hnc1xmlmx2yl;1
John;Patrick;nortonronald;zj6yn14s27f1;1
Michelle;Bishop;tlawrence;8cn6t42j1y11;1
Bill;Smith;millermegan;cl81d12ssl9h;2
Melissa;Alvarez;jessicahubbard;m42qc9pp86xf;2
Michael;Hamilton;crystalryan;q6vv85zz9u80;2
Martin;Zimmerman;courtney89;19qqgd8tc9q9;1
Crystal;Jones;kristyrussell;6q4un7ghhi5b;3
Julie;Brooks;oleon;t7hc1ktfnfx2;2
Sara;Galvan;troy96;v1qgf2naf4h7;3
Tina;Schmitt;nicoleschaefer;48wki0emo20m;1
Donald;Moore;aprilguzman;km9xcbwq81if;1
Blake;Long;suzannecalderon;lwaz7le58xsd;1
Tiffany;Garcia;charleslisa;nmlvn9v077p7;2
Martin;Hickman;radams;1ci0f7n4pr3o;1
Sherri;Gross;romeropaul;nwqu9oe9g5n8;2
Kayla;Munoz;madisondunn;1im15vh60wnm;3
Robin;Stone;yvonnemendez;xdyrtg5cxfo3;1
Rachel;Martin;kburns;8qhy53nuzy32;1
Julia;Forbes;rollinsrobert;sc3kh3v8tq0v;3
William;Bass;patrickbailey;j0cayoxwl16d;1
John;Christensen;mary72;6if7329lz7ei;2
Kimberly;Campos;john77;me6hz0rnho6u;2
Deborah;Garcia;jacobsbradley;9l5ghrjr3ldf;2
Benjamin;Leblanc;mcknightpatricia;9f60w2elqld7;1
Jon;Mcdonald;shannon55;a3g4mfdz1gjz;2
Daniel;Anderson;amorton;e7ly409jiok0;1
Carmen;Wilson;jessica79;jr66g1uce8pc;1
Jessica;White;sporter;3jq670epimsg;3
Gabrielle;Silva;cmueller;ftyblkkc784i;3
Jennifer;Brown;christineclay;4ammm2smzdv8;2
Helen;Chang;jamesjones;nb076n8zbr5r;1
Aaron;Perkins;ywilliams;8gvjchmtjajp;3
Jessica;Clark;ysmith;55o9y7fzd6be;2
Eric;Willis;jeffery60;qg6cwa5ro2x6;2
Douglas;Robinson;karen86;ekc0nlwy20up;2
Jose;Mata;smithcarrie;xwfrhyxu5r42;3
Leslie;Jones;esavage;mv0p4f4ij7kv;2
Dillon;Harris;james43;ddhoag7c6q1h;1
Denise;Trevino;charles56;jozy58uvvd40;2
Karen;Mooney;leslieramirez;0a6zdeb3qrsi;3
Kyle;Hahn;jmoreno;9bdq2giuavw0;3
William;Welch;dawn35;hh80jl5zm1zw;2
Benjamin;Fisher;kathrynalexander;xej9kpjnwyqq;1
Matthew;Wagner;nicole75;zvclm5szyt98;2
Julia;Hunter;glennevan;66w8i1on8kxf;1
Kevin;Harper;jenniferirwin;1ravewsm3wkr;2
Tony;Brown;andrea68;gzior9kbcvgs;2
Michael;Andrade;stephencampbell;0owxtef8a8hx;2
Aaron;Reese;hannah47;3k7jf8n6m89c;2
Donna;Cook;ethanhartman;35zdbi2hwyub;3
Jack;Jones;gomezralph;9sfmfk6cikjd;3
Mr.;Matthew;wilsonadam;fwnc2uib247z;1
Mrs.;Jeanette;ngibson;gbtue5dx40y7;1
Kevin;Stewart;smithdaniel;hellntrna64q;3
Dr.;Kerri;cruzregina;9scaqsk1tx78;2
Nicole;Jacobs;ddelacruz;g6rwp8ww83w4;3
Steven;Miller;bryan61;h15ubes6exdh;1
Nichole;Hancock;qking;ncpuw6kwmrd0;1
Patrick;Wilkerson;tracykelley;50sz9lrcak70;3
Patty;Booker;carlagarner;f5npmzz6h4e3;2
Brett;Salinas;leslie30;uqg5yxjf352y;3
Gina;Cook;thomasjames;idiqhg0qlsf3;1
Wesley;Hart;mferguson;5e46atd8o25v;2
Timothy;Freeman;jason18;p3gunlb0mtfb;2
David;Stewart;tiffanyanderson;443rs3tl93bo;2
Richard;Stevens;kzavala;cpwp2i0l3j16;2
Grant;Ross;raymondweber;t41575zc78g6;1
Pamela;Quinn;jjones;ywdn66n8ti5f;1
Jessica;Williams;smithpatricia;6dlbdelrn498;1
Chris;Davis;brittneyreynolds;fqvwufxx2c9s;3
Sean;Castro;ronnie28;83egbwtrf72p;2
Kristen;Moore;markaustin;1bz39d9a82kv;1
Robert;Smith;davidsnyder;ev73cspu3o5m;1
Timothy;Pierce;smooney;b03kcbykepxs;2
Debbie;Walsh;williambennett;n6y2pkkjy5z6;2
Brittany;Johnson;janicefrazier;3wwz4q0du2zp;3
Kelly;Young;jamesavila;5mji7mmzei6z;1
Kimberly;Cox;ryan05;m9frmt3e53mg;2
Christine;Briggs;hhenderson;iskfcnnk6qz4;1
Curtis;Archer;cbishop;32rcvqttc0l6;1
Mr.;Michael;pguzman;w2sr33dd41jp;1
Stephen;Greene;allison03;vs4b08e0w3tx;2
Anthony;Young;brandon28;y78xhnw90nj5;2
Joshua;Andrews;nicholasjimenez;fe17lmzkrj3j;2
Judith;Fowler;graypaula;5ammkjr0ps84;2
Michael;Brown;sharon63;fd8qr0rr8fmx;2
Deborah;Johnson;williamsleah;uau4a9l2g63e;2
Walter;Jackson;lawrence05;w488dtlj95vq;3
Susan;Snow;melissaestes;y066s8ygbpn4;3
David;Gross;lisaprice;y7o98oot68a5;3
Nancy;Hogan;hmarquez;g2l8c0ec0ow5;2
Amber;Anderson;roseronald;kvn0wjsycvj3;2
Sergio;Paul;andrea26;ipjhqhpqd8rw;2
Troy;Sosa;mckeeheather;3nbdx5mhx48v;1
Casey;Morales;lmurphy;ey4arau2k70a;2
Kristen;Castillo;snyderanita;ujc1wu6kt4qb;1
Amanda;Chavez;rosemichael;cyxm3jy8rs4z;2
Casey;Gonzalez;markhernandez;hj5ibvkzdw2j;2
Kristina;Marquez;griffinbrian;8prevgvzy2h5;3
David;Garcia;jamesking;uqggtgiz8xau;1
Andrew;Harris;hsmith;79i2eye31017;1
Jason;Chapman;abigailtaylor;s28dg38drib2;2
Michael;Hernandez;fjohnson;m69o0dvi97iz;2
Mr.;Jacob;jasminereed;qjt7euf8rj4i;2
James;Martinez;louiswilkerson;85gxq0rmusss;3
Ann;Garcia;ronaldjoseph;091nkxne5z5d;2
Roger;Gates;naguilar;wts7rqzxx630;2
Molly;Nolan;clarencebates;vn4jauvjo6xs;1
Jordan;Perkins;whitescott;sgzp1dvo4vqi;3
Tyler;Rasmussen;umatthews;swjpock4226a;2
Adam;Murphy;ucook;ri6mnxc888ps;3
Mary;Patterson;bonnie55;s13pw10hmrnt;1
Mckenzie;Mills;kathryndickson;2193avtbh7bk;3
Miss;Susan;stokeschristian;jgpikkpxbkp3;1
Christine;Buck;watkinsmichele;394njb9nqkfg;3
Patrick;Campbell;flee;btl3yu3b4z8y;1
Rebecca;Patel;david87;1gfewc4rk0k6;1
Robin;Leach;masseyvictoria;x8b9lqnm5kf2;2
George;Cisneros;richardlogan;0a1xplz0sdg0;2
Mary;Watts;iwoods;d6nuynq1vhpe;1
Lisa;Ellis;cynthia56;i4h384739ui7;1
Elizabeth;Gonzales;pdickson;66mbynnr0hh6;1
Michael;Smith;ruizshawn;9s9ufcnh7uua;2
Jonathan;Gonzalez;raymondlopez;5omn97kt49ub;3
John;Olson;alejandra36;04nv9stvy8rb;3
Ronald;Collins;sethhuffman;bkfy9o7wv300;3
Mathew;Smith;deborahharris;mm8njcp9ybi8;1
Holly;Davies;kennethrandolph;ieu1g03y3c1q;1
Arthur;Caldwell;ydunn;wzl4emhksulo;1
John;Carson;james91;xn1nbnmxo1vr;2
Jacqueline;Flores;frankcindy;d42gu5vnhmfn;3
Christopher;Santos;qhill;yw3ox91n3yfi;1
Cheryl;Johnson;knoxcasey;7x30peh1b5ic;2
Jennifer;Dominguez;sknight;fykcl8zog1ab;3
Brenda;Vega;peterspatricia;trsiqor2g6x1;1
John;Rogers;eric09;ro6rjju9gys0;2
Christopher;Wallace;nicoleperez;b5cjiqu27ikz;2
Monique;Stout;kristen71;y9903qiqczh5;1
Kenneth;Hamilton;kristenwalker;e7xpvlw1et1h;1
Charles;Oconnor;lmiller;x5ri1ahf305z;3
Jillian;Ramos;hartdebra;o607wnvtn1nq;3
Heather;Jones;christinanguyen;35o3dohz2mfe;2
Jodi;Chen;brian12;5shi8dhbo6ub;1
Sara;Stone;todd40;zerozj4s96p1;3
Kara;Perez;whowell;tk2hlybhp8cm;2
Alexandria;Taylor;ecortez;ywh48ynwhs0z;2
Paula;Schmidt;dhorton;zy8un9xzoyjp;2
John;Morris;dbrown;ww7qnp8nhns1;1
Jesus;Arellano;williamsandre;k8jq9phb2pr5;3
Thomas;Morgan;qstewart;xy477xxhumg1;2
Lori;Hawkins;williamssteven;3cfovnn72s4b;2
Jeremy;Phelps;derrick06;i5dgq28agn0b;2
Christine;Hobbs;zneal;lc50beac75yr;1
Elizabeth;Smith;vsoto;jcbi6s2f91hv;3
Susan;Hodges;kathybrown;51wrie0h34rv;2
Andrew;Kim;joshua49;vcc7vhkb4njz;2
Kim;Rodriguez;frederickkristin;keqbp5hl0kwo;1
Chelsea;Tate;parkerkeith;18n2su18n4em;2
Victor;Townsend;daniel36;jdob8lzt473c;2
Jessica;Solis;david63;2cw9vlk2nen7;2
Laura;Robinson;michaelarnold;oxv8xxlus8b4;1
Marie;Hudson;woodwardadrian;ukocoqyftl4j;2
Jamie;Conley;gbrown;bg8w94ym1ija;3
Jessica;Robbins;watsonteresa;modzp9dcsuy6;3
Jeffrey;Collins;bstanley;uz7mjn7var9t;1
Laura;Jackson;matthew03;wnzne86nsxl4;3
Mrs.;Catherine;wbrooks;78qchp9d536a;1
Melinda;Anderson;williamslisa;30zz00m9zxo6;2
Monica;Martin;coopersherry;n7az91aqi05v;3
Bethany;Mcdonald;melodyhodges;fk87dxwt810x;3
Ashley;Williams;rpaul;8h59n1e6d6d7;2
Thomas;Ramos;caincaitlyn;f5f5ldhwetqk;1
Cesar;Vaughan;desireecox;1ofryshj6vvx;1
Karen;Leonard;beckcynthia;2gqvotpnmtih;3
Lorraine;White;bakerbrian;yk5wpq2e72id;2
Beth;Fischer;weavermichael;0ei6ljhy2o4t;2
Shane;Adams;dustin99;4kiutibzgtdd;2
Timothy;Alvarez;tamara75;ee2lpvxbke3h;3
Chad;Grant;timothywhite;c9kuhybqp08m;3
Gabriel;Sanders;lsutton;to8c2oh1yx5x;1
Rebecca;Hammond;kimberly64;3y2b0p4l8qy8;3
John;White;becky81;xuyjm5qcfi9u;2
Teresa;Grimes;kylejohnson;kmclqf60r589;1
Michelle;Williamson;millerbrittney;3spl6b5d277w;1
Alex;Santiago;emilyedwards;zokx3rza72x9;1
Ashley;David;randy13;rjp7m4xh1aoa;1
Dorothy;Carr;mallory40;48qy5s538mbt;1
Ann;Rose;griffithlauren;7bzy1imyne4x;2
Michael;Hess;carsonjerry;3tr0e4ce3d7e;3
Kristie;Gray;cortezwilliam;c45s8mtv5dz4;1
Virginia;Gomez;hschultz;sct2csf0h26q;3
Robert;Moore;stephen29;cz8uqebw1or9;1
Laura;Dixon;jacksonteresa;90kl3zjz6i9j;3
Carly;Howell;kevin06;4llmtywm6ppe;3
Thomas;Stephenson;bishopdominique;j1b3sm91yv5r;2
Cody;Jones;hbradshaw;g2cufk4w1j3o;3
Kristina;Garner;morgansmith;68jtjnow6d24;3
Derrick;Williams;jrivers;3hgsahi8zknm;2
George;Smith;tammy30;kjaxcslln1p0;2
Christina;Mcguire;jeffrey37;2y6aeh9s1kof;2
James;Davis;chavezderek;4m8pfaxpghri;3
Christopher;Payne;riveradaniel;bl5wimxwt15f;1
Corey;Diaz;perezmelissa;22w3wp58q955;1
Ashley;Simpson;hollycampbell;90psjze8zhfp;3
Tiffany;Bolton;angelmason;4pui5z0y2los;2
Audrey;Dudley;jamesflores;u4rzqs6bw6io;3
Joseph;Bass;patrickmark;6xx7mqljipc6;3
Rebecca;Harvey;jessica03;e9qlqbwo3qqm;1
Jason;Lane;matthew96;93bmr3v61w4r;1
Paul;Warren;xwagner;l66uszf80mvd;3
James;Haynes;michael34;wxx932bv1kvr;3
Kyle;Rodriguez;martineznancy;8ke8pwapud1c;2
Maria;James;jessica04;y7c6pu59znvr;1
Katherine;Vazquez;xtran;echk2lirz3d8;3
Cathy;Ibarra;peterwells;2hyhusrn2ptf;3
Nancy;Roberts;vwhitehead;g7jn0xb3nm45;2
Haley;Orozco;matthewpetersen;fvk5lha22ar1;3
Jared;Rogers;huntmichael;b8ehct054vtc;2
Katherine;Whitehead;csmith;by7k5ck2bgd6;1
Alexander;Clay;kimberlynicholson;2g1ydsbt8qzi;1
Jason;Becker;matthew48;zkh2wdw8fhel;3
Joseph;Day;zfreeman;4uz7kuf46sie;2
Misty;Mcgee;ballardphillip;8l9lujkgjfzo;2
Christopher;Davis;zchapman;v2naq4nfbkfc;2
Rodney;Lindsey;aguilarlori;p19w0he33y1i;3
Danielle;Phillips;bgood;zxnwqana82nr;1
Valerie;Morrison;pettysusan;g421dtt2dwe3;3
Tara;Vargas;hernandezrachel;3svuttapp9jd;3
Ryan;Brooks;dschultz;66otauofqty5;3
Katie;Watts;mcdanielchelsea;9ut5baff7q2d;2
Amy;Mccall;ryancohen;m5r1fbrj7u0f;1
Joseph;Lee;whitneytorres;a2czfnzf0q8g;1
William;Crawford;jacob45;zch3wtqw7kuv;2
Jennifer;Moore;curtisvanessa;4afw8ixy4kji;1
Christian;Flores;mcintoshpamela;2p0bk1jk7pe8;3
Traci;Brown;sarah10;r50y4ip2mzst;1
Emily;Lynch;christopherguzman;co352z3zschp;2
Diana;Perez;qchang;i4nn82hqz1xg;2
Lori;Singleton;keithwilliamson;yzt4zsme19v6;1
Rachel;Griffin;teresagarrison;l3rsxgxeu67c;2
William;Clark;thomas06;9oygmj3vukgb;2
Jonathan;Ford;timothy26;mnqb5pup3r1h;2
David;Hudson;xnewton;65w2xuybp6ys;3
Elizabeth;Smith;rmartinez;9ccnmhxv5o7k;3
Kevin;Madden;icook;9etxot5d8h7s;1
Michelle;Ford;uwebb;b6vvx5o1h8m9;2
Teresa;Perez;kayla17;8fokhu5r8og0;3
Mallory;Patel;wdunn;wtigij9eao85;1
Erin;Becker;cynthiaho;s2m0gkj21b35;2
Douglas;Mcconnell;vcortez;4dxd13qq2kv4;3
Jo;Byrd;xcook;g2fbhmztin5r;1
Brittany;Alexander;ruth78;rum4noifsi15;3
Kenneth;Dunn;alexruiz;5f198c2wggnm;3
Mr.;Todd;fwatkins;ia5lt4us70y7;3
Catherine;Lawson;jacksoncharles;bu0xyn1vb51w;1
Elizabeth;White;michaelhunter;gpstj54uydpi;1
Lisa;Price;kelleyjoseph;7hzi9lks0nnz;3
William;Curry;angie81;ul784krn0gnc;2
Mr.;Jordan;jeremyjames;8sf19mq77r4x;2
Scott;Hall;geoffrey69;y7436gme6qyi;3
Andrew;Stephens;eperry;333hmf5w6wrq;3
Donald;Holland;jeffersonvirginia;et9ttmv44oxm;1
Cody;Lara;erin30;k41o1xtq7ars;1
Catherine;White;zobrien;idahy70x26st;2
Sara;Davidson;ssanchez;17b0y9rs5kjv;1
Audrey;Hayes;alvaradojeanette;n8s1i3hkcurl;2
Brian;Thomas;mary03;9c2gu8j838jy;2
Jamie;Williams;melissa89;xfx127sqmc1q;1
Adam;Rosario;bushteresa;2bjpegzjsi49;3
Tracy;Ruiz;anne51;e7jx0f6w88fn;2
Lauren;Carr;amy19;75tjou1ww8dd;3
Andrea;Hanna;vriley;kg4jdmih18ze;2
Juan;Cook;hbarrett;glgu3bakoq8r;1
Randall;Mendoza;anna86;3n9vi21vzb4q;2
Victoria;Moran;hwoodard;ipfbz8df7qjb;1
Jason;Dillon;jason27;ay2dq6nnyug5;1
Michele;Lewis;housejoseph;kfc06km95r85;1
Mary;Kirk;leah15;wjitly9dsun6;3
Jacqueline;Ross;russellolson;nmuyces432xp;2
Thomas;Yu;katherine56;pd045c0q62pd;3
Debra;Baker;mary44;r0csqiztj3i8;2
Bridget;White;xgallagher;pxxizjck2sx7;1
Mallory;Lewis;avincent;p06nch840u73;3
Emily;French;daniel62;5disq0pznw9i;1
Bonnie;Simpson;nrodriguez;pjqdxi8j4zeb;1
Lisa;Turner;ritawilliams;v8qyt8bcw6xq;3
Jesus;Allen;jacqueline56;t8aloj1sq4r7;2
James;Henry;jimenezthomas;hw8muasb7gzl;3
David;French;manneric;8xi5i6iaxfmo;1
Sarah;Townsend;reyesjohn;73afn911jw99;2
Savannah;Ramirez;bryanwilson;d9m5kmt6h6jt;3
Denise;Neal;derekmoyer;8a5gf5ih1949;2
Cody;Parsons;tara45;plvz0hxsit68;2
Daniel;Smith;billbaker;c1n8dgfi57mv;2
Stephen;Olsen;tinanewton;x8xgyucrqqvz;2
Juan;Swanson;elizabethwilliams;s5hkcmsyuepr;1
Randy;Michael;wreid;ny5b5h5hx9k7;1
Heidi;Ford;david91;61374vvl9r5m;1
Anne;Martin;mmoore;cawtqdv9k1ii;2
Mrs.;Susan;grant46;urgb685e3k7p;1
Rachel;Wilson;jenniferscott;cvpmfebv02bs;3
Brian;Holloway;nicholasshannon;6j7hof64kxec;3
Karen;Graham;jallen;fx3bmv5m1251;2
Stephen;Dalton;biancagray;j0otxll4i96z;1
Michelle;Bonilla;krystalsmith;os7ssk9rguy4;1
Matthew;Gates;vmcgee;9k0tusnfwuho;1
Regina;Mendez;jonathanarnold;o4a0zn4q6awj;2
Kimberly;Price;nicholas73;0vyi0r54zw6f;3
Timothy;Davis;pdillon;r2idplddyj8m;3
Heidi;Miller;contrerasjoel;dt38qooj7g4v;2
Adam;Smith;owensvincent;5ahrge0qu26f;3
Anna;Jones;nicholas35;70pynekp1c8s;1
William;Soto;jyoung;4s83wzozrs23;1
Dorothy;Yoder;ekaiser;9pb5dfx4bspo;2
Nicholas;Murray;sara81;ghd9sf9hq1zw;1
Patricia;Savage;vspence;wlzpvqf4cl67;1
Zachary;Juarez;jmurray;1a9ojux772v5;2
Sydney;Smith;milleranne;ec5e4rtgtr54;2
Bryce;Green;davidcraig;f0fgzx8l27jf;3
Rebecca;Gray;medinacolton;bsrpj3m1311m;1
Richard;Miller;smithkaren;39cmyuxl2ii9;3
Melinda;Garcia;hendersonmaria;mk1cvb09r5wg;2
Maureen;Lucero;wendy78;6h4oqdmofm1y;1
Denise;Choi;rachel23;4ljkijacrq6x;1
Nathan;Jordan;matthewsmith;r5xbtyby5g5d;2
Walter;Lopez;johnhensley;s1694y284rxw;1
Tyler;Benjamin;stacyscott;p9yiltlpq22y;1
Ariel;Morgan;meganpratt;kd0h5f2xo9ny;1
Joshua;Price;jason60;1njn92wmdphs;1
Lori;Cordova;browndouglas;xu3jon2f5389;1
Jeffrey;Taylor;evan30;c2zf1uffe21l;1
Nathan;Ryan;benderbailey;18j2sxnxeqz2;2
William;Hughes;nicholswhitney;25p129ke44qo;1
Stephanie;Wilson;solisjennifer;8s6c569r1aak;2
Courtney;Smith;ezimmerman;6g49k00gs0kb;2
Julie;Miller;nburton;bif90cdeu1ce;1
Rachel;Johnson;sonialuna;d8kgi86vw0i6;2
Scott;Cisneros;goldenarthur;901irc0r21xv;3
Robert;Meyer;nguyenkimberly;4il02k3w0fdb;3
Kurt;Miller;mercedes48;vw2p0chlig8s;3
Stephen;Carlson;cwilliams;7dnm6z8gmt9c;2
Kayla;Marshall;woodgary;5kjvs3il75lu;1
Kevin;Powers;tbenitez;nn42m3mggfvb;1
Roger;Gibson;lisa89;7fvtgddu7f2t;2
Dr.;Barbara;hebertchristine;yx4gl81p11de;2
Molly;Herrera;olivermargaret;0sfsntoim580;3
Anthony;Clarke;aaronklein;oo6zyra1qggb;2
Andrew;Torres;sbryan;624q71n207xz;2
Jason;Huffman;guerrerowilliam;vvwdrtwl72vq;3
Carla;Walker;lovepatricia;4hof9xrevq6f;3
Christina;Stout;jshaw;ityk1urll6ib;2
Kevin;Klein;edwardssteven;1hj65xxfcnp1;2
Phillip;Carroll;vicki01;59ylzvzh61tw;2
Cameron;Wolfe;johnrichardson;bhz0ae3j7irk;3
Donald;Casey;dennis86;qh8m0n7b75rd;1
Nichole;Brown;doyleashley;t1xmsqpu4q5n;3
Rebecca;Luna;john71;peybutkgt17l;3
Cameron;Williams;browncheryl;g5llm645b5lr;1
Omar;Dunn;kpalmer;g68ap5eaj1us;2
Jacqueline;Wise;robertyates;1dxtnhd428pk;1
Richard;Patterson;jeremywhite;53j26cqqx7aj;3
Wayne;Greene;annasteele;wzrxqig7k031;1
John;Rowe;wadewilliam;o3f013us53xr;1
Stephen;Nichols;gnguyen;noqi0bsm2qks;3
Andrew;Case;whernandez;9ch15hdb38b2;1
Troy;Crawford;colleenjohnson;ubwzs89xlan9;1
Allison;Hess;megan20;n8nmgk9e5trq;3
Derek;Foster;jimmymartin;9g27mpai7g1a;2
Daniel;Perez;rosematthew;ah0bo8wvb3j9;3
Eric;Watson;xjohnson;38ej9n4f9sr1;1
Deanna;Daniels;garyhubbard;ytvb4v9j246u;1
Rose;Goodman;vanessabarnes;4zjwmlvuv6q1;1
Tina;Taylor;brianjones;x76trsiqb0e9;3
Brian;Rodriguez;jharmon;57wr794kg21w;2
John;Jones;charlesgarcia;8v2eiprz1gjt;1
John;Perez;kimberly50;ms3mzqgqif38;2
Elizabeth;Fletcher;xrogers;e35sdoboovlc;2
Tara;Murray;david48;n4fs321kazki;3
Virginia;Roberts;markjones;jwxybgoh16gn;2
Melissa;Archer;shane28;ux2tmcfvs2x0;2
John;Roberts;dustinreyes;xzh4sz7kq7zl;1
Norman;Vega;hwalker;hvf0d2tt6cdw;2
Michelle;Harrington;kimberlyallen;y3i1o6to7fa0;1
Megan;Hernandez;johnsonkayla;8373091vaa4a;3
Sean;Lee;omartinez;w67hwx74f0s5;3
Elizabeth;Shaw;ibaird;j3zgzf5u1zdx;3
Shannon;Reid;briannabest;t74o0z8gu8q9;2
Austin;Lawrence;frankmatthews;c6thf7vsdauw;3
Hannah;Perry;ksampson;r02b0axobzh4;3
Kathryn;Valdez;debbiegonzales;2zz0cyb44w93;2
Joseph;Guzman;edwardsthomas;07mlaqwnriwo;2
Tara;Goodwin;lawrenceerica;3audxs53ljez;1
Tom;Ortiz;diana94;pnax2so5k7m7;1
Susan;Davis;guzmanpatricia;8vzc09518xf0;3
Kelly;Strickland;hendersonabigail;7kbnnxsnus8e;2
Heather;Carrillo;garciawilliam;6kwt7jd1idwd;3
Peter;Mccoy;zcuevas;7dk8tp6fu1o6;3
Greg;Oconnor;kwebb;0oxgj0tduo11;1
Kimberly;Roberts;milesmichael;ujb1wng013zf;3
Michelle;Powell;danielcontreras;28w0bsbkynh0;3
Brandy;Reed;edward77;4bjwf2wwxu3l;1
Amanda;Martin;abigailcampos;yusyher9u7so;3
James;Holmes;traceymccarthy;d94fcpig2yz5;2
Isaac;Johnson;kimrandall;1hbecyitod91;2
Mrs.;Terri;diamondbarber;ad27zsrt095y;3
Rose;Nelson;jesseporter;y039sgq37otp;1
Julie;Brooks;melody64;zixkhbrmu261;1
Keith;Wall;careydavid;sc4yzbb0ij0s;1
Mr.;Nathaniel;kelsey12;x9yz1hw1x1nd;2
Danielle;Ross;dsimmons;mcx1rogythdj;1
Kimberly;Johnson;daniellerogers;l6i9stw98i7b;2
Miss;Mary;juliedavis;6s0siw2w8kmo;2
Sherry;Roberson;emorrow;qc3mpih0cw0o;1
Kevin;Daniels;stanleywilliam;sm92g5q491wp;3
Sandra;Vargas;sbrown;3eeuy1nqyslq;1
Aimee;Jacobs;caldwellkatherine;u3djgjo1elzb;3
Larry;Deleon;michellesantos;g629d3fjli4u;3
Anthony;Greer;bradley51;91ya77473xz1;3
Carla;Dillon;palmerashley;tcvb4vpi1ujk;2
Natalie;Ruiz;caldwellandrew;jpe3oijk9vc7;3
Natalie;Webb;jason77;0a60546xfgtj;1
Michelle;Lopez;ryanjohnson;yqk4mzx12hzi;3
Stephanie;Sanchez;robin97;g8j0069puxan;1
Patrick;Lopez;carmen88;9f3c9w1l72fu;2
Erin;Lutz;david08;7b6mqxwnvdxd;2
Karen;Green;angela42;d67bay6u7bxo;2
Glenn;Norton;bondmichelle;u7y2dsu15rco;1
Andrew;Campbell;oneillchristine;uz33wkpsbljg;2
Paul;Hicks;ggraves;prcsjixb3bdu;2
George;Lee;victoriawade;j5m3rlzvk1s5;2
Scott;Logan;schwartzmelanie;tc99vhox9w94;2
Amy;Campos;hensleyjonathan;y0u251r948wf;3
Alex;Thornton;chaserowe;3scafyslvatp;3
Paul;Anderson;lisaferrell;8wni11ud31l9;3
David;Villegas;gperez;s73bjrdu0dw1;3
Adrian;Wright;michael83;8ig6vhmpc8pr;3
Justin;Gilbert;stephenhayes;osclomh246en;1
Steven;Mullen;qhinton;x098sd8c64qa;3
Haley;Lin;gregorywebb;2w52tkj6h514;1
Matthew;Tapia;dberg;joltv88r6nnn;2
Katie;Larson;whiteheadkristopher;30mmn6311u0d;3
Nichole;Olson;trevinosteve;vgla5w8vm5hh;1
Cheryl;Jones;omann;fhc72d72zgqc;3
James;Avery;zparker;e25rpmyi13ax;3
Meghan;Carlson;lesliewilliams;rph6vhpr65mk;1
Charles;May;uyork;2x0tkradvij2;1
Jonathan;Davis;kevin96;4ld11t9gx1im;2
Edward;Horton;silvasharon;z895dtkg317u;2
Christopher;Smith;andrea04;arr2eam05j3q;2
Troy;Stephens;mary07;ywx0qmpytaxo;2
Sarah;Frost;sarahmurphy;odx4opx60asu;1
Austin;Silva;samanthaclarke;bvi4cz1d96mk;3
Michael;Clements;jonesjonathan;z63qb1978ama;1
Marc;Hall;michellechung;vs1gogci0pmf;2
Jennifer;Richmond;rivascarolyn;p7a03fhlt9oo;3
Jessica;Silva;dnunez;m8jufw313fwm;2
Joshua;Johnson;yabbott;p3hhru2x8dxw;3
Melinda;Waters;hernandezregina;5qr80wsjv8hu;2
Ricky;Glenn;carriecarson;bwv2qrgh6431;1
Charlene;Stewart;deannagordon;9n47o58gf108;3
